
> start:dev:api
> npm run start:dev --prefix apps/api


> api@0.0.1 start:dev
> nest start --watch

[2J[3J[H[[90m8:32:46 PM[0m] Starting compilation in watch mode...

[[90m8:33:03 PM[0m] Found 0 errors. Watching for file changes.

[32m[Nest] 9564  - [39m07/19/2026, 8:33:10 PM [32m    LOG[39m [38;5;3m[NestFactory] [39m[32mStarting Nest application...[39m
[32m[Nest] 9564  - [39m07/19/2026, 8:33:11 PM [32m    LOG[39m [38;5;3m[InstanceLoader] [39m[32mTypeOrmModule dependencies initialized[39m[38;5;3m +1262ms[39m
[32m[Nest] 9564  - [39m07/19/2026, 8:33:11 PM [32m    LOG[39m [38;5;3m[InstanceLoader] [39m[32mBullModule dependencies initialized[39m[38;5;3m +0ms[39m
[32m[Nest] 9564  - [39m07/19/2026, 8:33:11 PM [32m    LOG[39m [38;5;3m[InstanceLoader] [39m[32mBullBoardModule dependencies initialized[39m[38;5;3m +0ms[39m
[32m[Nest] 9564  - [39m07/19/2026, 8:33:11 PM [32m    LOG[39m [38;5;3m[InstanceLoader] [39m[32mConfigHostModule dependencies initialized[39m[38;5;3m +1ms[39m
[32m[Nest] 9564  - [39m07/19/2026, 8:33:11 PM [32m    LOG[39m [38;5;3m[InstanceLoader] [39m[32mThrottlerModule dependencies initialized[39m[38;5;3m +0ms[39m
[32m[Nest] 9564  - [39m07/19/2026, 8:33:11 PM [32m    LOG[39m [38;5;3m[InstanceLoader] [39m[32mJwtModule dependencies initialized[39m[38;5;3m +0ms[39m
[32m[Nest] 9564  - [39m07/19/2026, 8:33:11 PM [32m    LOG[39m [38;5;3m[InstanceLoader] [39m[32mJwtModule dependencies initialized[39m[38;5;3m +1ms[39m
[32m[Nest] 9564  - [39m07/19/2026, 8:33:11 PM [32m    LOG[39m [38;5;3m[InstanceLoader] [39m[32mBullBoardRootModule dependencies initialized[39m[38;5;3m +0ms[39m
[32m[Nest] 9564  - [39m07/19/2026, 8:33:11 PM [32m    LOG[39m [38;5;3m[InstanceLoader] [39m[32mDiscoveryModule dependencies initialized[39m[38;5;3m +1ms[39m
[32m[Nest] 9564  - [39m07/19/2026, 8:33:11 PM [32m    LOG[39m [38;5;3m[InstanceLoader] [39m[32mBullBoardFeatureModule dependencies initialized[39m[38;5;3m +1ms[39m
[32m[Nest] 9564  - [39m07/19/2026, 8:33:11 PM [32m    LOG[39m [38;5;3m[InstanceLoader] [39m[32mConfigModule dependencies initialized[39m[38;5;3m +0ms[39m
[32m[Nest] 9564  - [39m07/19/2026, 8:33:11 PM [32m    LOG[39m [38;5;3m[InstanceLoader] [39m[32mBullModule dependencies initialized[39m[38;5;3m +8ms[39m
[32m[Nest] 9564  - [39m07/19/2026, 8:33:11 PM [32m    LOG[39m [38;5;3m[InstanceLoader] [39m[32mBullModule dependencies initialized[39m[38;5;3m +0ms[39m
[32m[Nest] 9564  - [39m07/19/2026, 8:33:12 PM [32m    LOG[39m [38;5;3m[InstanceLoader] [39m[32mTypeOrmCoreModule dependencies initialized[39m[38;5;3m +1135ms[39m
[32m[Nest] 9564  - [39m07/19/2026, 8:33:12 PM [32m    LOG[39m [38;5;3m[InstanceLoader] [39m[32mTypeOrmModule dependencies initialized[39m[38;5;3m +0ms[39m
[32m[Nest] 9564  - [39m07/19/2026, 8:33:12 PM [32m    LOG[39m [38;5;3m[InstanceLoader] [39m[32mTypeOrmModule dependencies initialized[39m[38;5;3m +0ms[39m
[32m[Nest] 9564  - [39m07/19/2026, 8:33:12 PM [32m    LOG[39m [38;5;3m[InstanceLoader] [39m[32mTypeOrmModule dependencies initialized[39m[38;5;3m +0ms[39m
[32m[Nest] 9564  - [39m07/19/2026, 8:33:12 PM [32m    LOG[39m [38;5;3m[InstanceLoader] [39m[32mAuditModule dependencies initialized[39m[38;5;3m +0ms[39m
[32m[Nest] 9564  - [39m07/19/2026, 8:33:12 PM [32m    LOG[39m [38;5;3m[InstanceLoader] [39m[32mAppModule dependencies initialized[39m[38;5;3m +1ms[39m
[32m[Nest] 9564  - [39m07/19/2026, 8:33:12 PM [32m    LOG[39m [38;5;3m[InstanceLoader] [39m[32mAuthModule dependencies initialized[39m[38;5;3m +0ms[39m
[32m[Nest] 9564  - [39m07/19/2026, 8:33:12 PM [32m    LOG[39m [38;5;3m[InstanceLoader] [39m[32mUserModule dependencies initialized[39m[38;5;3m +0ms[39m
[32m[Nest] 9564  - [39m07/19/2026, 8:33:12 PM [32m    LOG[39m [38;5;3m[RoutesResolver] [39m[32mAppController {/}:[39m[38;5;3m +125ms[39m
[32m[Nest] 9564  - [39m07/19/2026, 8:33:12 PM [32m    LOG[39m [38;5;3m[RouterExplorer] [39m[32mMapped {/, GET} route[39m[38;5;3m +4ms[39m
[32m[Nest] 9564  - [39m07/19/2026, 8:33:12 PM [32m    LOG[39m [38;5;3m[RoutesResolver] [39m[32mAuthController {/auth}:[39m[38;5;3m +0ms[39m
[32m[Nest] 9564  - [39m07/19/2026, 8:33:12 PM [32m    LOG[39m [38;5;3m[RouterExplorer] [39m[32mMapped {/auth/register, POST} route[39m[38;5;3m +2ms[39m
[32m[Nest] 9564  - [39m07/19/2026, 8:33:12 PM [32m    LOG[39m [38;5;3m[RouterExplorer] [39m[32mMapped {/auth/login, POST} route[39m[38;5;3m +0ms[39m
[32m[Nest] 9564  - [39m07/19/2026, 8:33:12 PM [32m    LOG[39m [38;5;3m[RouterExplorer] [39m[32mMapped {/auth/logout, POST} route[39m[38;5;3m +0ms[39m
[32m[Nest] 9564  - [39m07/19/2026, 8:33:12 PM [32m    LOG[39m [38;5;3m[RouterExplorer] [39m[32mMapped {/auth/refresh, POST} route[39m[38;5;3m +2ms[39m
[32m[Nest] 9564  - [39m07/19/2026, 8:33:12 PM [32m    LOG[39m [38;5;3m[RoutesResolver] [39m[32mUserController {/user}:[39m[38;5;3m +0ms[39m
[32m[Nest] 9564  - [39m07/19/2026, 8:33:12 PM [32m    LOG[39m [38;5;3m[RouterExplorer] [39m[32mMapped {/user/profile, GET} route[39m[38;5;3m +1ms[39m
[32m[Nest] 9564  - [39m07/19/2026, 8:33:12 PM [32m    LOG[39m [38;5;3m[RoutesResolver] [39m[32mAuditController {/audits}:[39m[38;5;3m +0ms[39m
[32m[Nest] 9564  - [39m07/19/2026, 8:33:12 PM [32m    LOG[39m [38;5;3m[RouterExplorer] [39m[32mMapped {/audits, POST} route[39m[38;5;3m +0ms[39m
[32m[Nest] 9564  - [39m07/19/2026, 8:33:12 PM [32m    LOG[39m [38;5;3m[RouterExplorer] [39m[32mMapped {/audits, GET} route[39m[38;5;3m +1ms[39m
[32m[Nest] 9564  - [39m07/19/2026, 8:33:12 PM [32m    LOG[39m [38;5;3m[RouterExplorer] [39m[32mMapped {/audits/:id/result, GET} route[39m[38;5;3m +4ms[39m
[32m[Nest] 9564  - [39m07/19/2026, 8:33:12 PM [32m    LOG[39m [38;5;3m[RouterExplorer] [39m[32mMapped {/audits/:id/export, GET} route[39m[38;5;3m +1ms[39m
[32m[Nest] 9564  - [39m07/19/2026, 8:33:12 PM [32m    LOG[39m [38;5;3m[NestApplication] [39m[32mNest application successfully started[39m[38;5;3m +14ms[39m
[2J[3J[H[[90m9:01:52 PM[0m] File change detected. Starting incremental compilation...

[[90m9:01:53 PM[0m] Found 0 errors. Watching for file changes.

[2J[3J[H[[90m9:01:53 PM[0m] File change detected. Starting incremental compilation...

[[90m9:01:57 PM[0m] Found 0 errors. Watching for file changes.

[32m[Nest] 14936  - [39m07/19/2026, 9:02:00 PM [32m    LOG[39m [38;5;3m[NestFactory] [39m[32mStarting Nest application...[39m
[32m[Nest] 14936  - [39m07/19/2026, 9:02:01 PM [32m    LOG[39m [38;5;3m[InstanceLoader] [39m[32mTypeOrmModule dependencies initialized[39m[38;5;3m +206ms[39m
[32m[Nest] 14936  - [39m07/19/2026, 9:02:01 PM [32m    LOG[39m [38;5;3m[InstanceLoader] [39m[32mBullModule dependencies initialized[39m[38;5;3m +1ms[39m
[32m[Nest] 14936  - [39m07/19/2026, 9:02:01 PM [32m    LOG[39m [38;5;3m[InstanceLoader] [39m[32mBullBoardModule dependencies initialized[39m[38;5;3m +0ms[39m
[32m[Nest] 14936  - [39m07/19/2026, 9:02:01 PM [32m    LOG[39m [38;5;3m[InstanceLoader] [39m[32mConfigHostModule dependencies initialized[39m[38;5;3m +0ms[39m
[32m[Nest] 14936  - [39m07/19/2026, 9:02:01 PM [32m    LOG[39m [38;5;3m[InstanceLoader] [39m[32mThrottlerModule dependencies initialized[39m[38;5;3m +0ms[39m
[32m[Nest] 14936  - [39m07/19/2026, 9:02:01 PM [32m    LOG[39m [38;5;3m[InstanceLoader] [39m[32mJwtModule dependencies initialized[39m[38;5;3m +0ms[39m
[32m[Nest] 14936  - [39m07/19/2026, 9:02:01 PM [32m    LOG[39m [38;5;3m[InstanceLoader] [39m[32mJwtModule dependencies initialized[39m[38;5;3m +1ms[39m
[32m[Nest] 14936  - [39m07/19/2026, 9:02:01 PM [32m    LOG[39m [38;5;3m[InstanceLoader] [39m[32mBullBoardRootModule dependencies initialized[39m[38;5;3m +0ms[39m
[32m[Nest] 14936  - [39m07/19/2026, 9:02:01 PM [32m    LOG[39m [38;5;3m[InstanceLoader] [39m[32mDiscoveryModule dependencies initialized[39m[38;5;3m +1ms[39m
[32m[Nest] 14936  - [39m07/19/2026, 9:02:01 PM [32m    LOG[39m [38;5;3m[InstanceLoader] [39m[32mBullBoardFeatureModule dependencies initialized[39m[38;5;3m +0ms[39m
[32m[Nest] 14936  - [39m07/19/2026, 9:02:01 PM [32m    LOG[39m [38;5;3m[InstanceLoader] [39m[32mConfigModule dependencies initialized[39m[38;5;3m +0ms[39m
[32m[Nest] 14936  - [39m07/19/2026, 9:02:01 PM [32m    LOG[39m [38;5;3m[InstanceLoader] [39m[32mBullModule dependencies initialized[39m[38;5;3m +5ms[39m
[32m[Nest] 14936  - [39m07/19/2026, 9:02:01 PM [32m    LOG[39m [38;5;3m[InstanceLoader] [39m[32mBullModule dependencies initialized[39m[38;5;3m +1ms[39m
[32m[Nest] 14936  - [39m07/19/2026, 9:02:01 PM [32m    LOG[39m [38;5;3m[InstanceLoader] [39m[32mTypeOrmCoreModule dependencies initialized[39m[38;5;3m +158ms[39m
[32m[Nest] 14936  - [39m07/19/2026, 9:02:01 PM [32m    LOG[39m [38;5;3m[InstanceLoader] [39m[32mTypeOrmModule dependencies initialized[39m[38;5;3m +1ms[39m
[32m[Nest] 14936  - [39m07/19/2026, 9:02:01 PM [32m    LOG[39m [38;5;3m[InstanceLoader] [39m[32mTypeOrmModule dependencies initialized[39m[38;5;3m +0ms[39m
[32m[Nest] 14936  - [39m07/19/2026, 9:02:01 PM [32m    LOG[39m [38;5;3m[InstanceLoader] [39m[32mTypeOrmModule dependencies initialized[39m[38;5;3m +0ms[39m
[32m[Nest] 14936  - [39m07/19/2026, 9:02:01 PM [32m    LOG[39m [38;5;3m[InstanceLoader] [39m[32mAuditModule dependencies initialized[39m[38;5;3m +0ms[39m
[32m[Nest] 14936  - [39m07/19/2026, 9:02:01 PM [32m    LOG[39m [38;5;3m[InstanceLoader] [39m[32mAppModule dependencies initialized[39m[38;5;3m +0ms[39m
[32m[Nest] 14936  - [39m07/19/2026, 9:02:01 PM [32m    LOG[39m [38;5;3m[InstanceLoader] [39m[32mAuthModule dependencies initialized[39m[38;5;3m +1ms[39m
[32m[Nest] 14936  - [39m07/19/2026, 9:02:01 PM [32m    LOG[39m [38;5;3m[InstanceLoader] [39m[32mUserModule dependencies initialized[39m[38;5;3m +0ms[39m
[32m[Nest] 14936  - [39m07/19/2026, 9:02:01 PM [32m    LOG[39m [38;5;3m[RoutesResolver] [39m[32mAppController {/}:[39m[38;5;3m +60ms[39m
[32m[Nest] 14936  - [39m07/19/2026, 9:02:01 PM [32m    LOG[39m [38;5;3m[RouterExplorer] [39m[32mMapped {/, GET} route[39m[38;5;3m +4ms[39m
[32m[Nest] 14936  - [39m07/19/2026, 9:02:01 PM [32m    LOG[39m [38;5;3m[RoutesResolver] [39m[32mAuthController {/auth}:[39m[38;5;3m +11ms[39m
[32m[Nest] 14936  - [39m07/19/2026, 9:02:01 PM [32m    LOG[39m [38;5;3m[RouterExplorer] [39m[32mMapped {/auth/register, POST} route[39m[38;5;3m +3ms[39m
[32m[Nest] 14936  - [39m07/19/2026, 9:02:01 PM [32m    LOG[39m [38;5;3m[RouterExplorer] [39m[32mMapped {/auth/login, POST} route[39m[38;5;3m +0ms[39m
[32m[Nest] 14936  - [39m07/19/2026, 9:02:01 PM [32m    LOG[39m [38;5;3m[RouterExplorer] [39m[32mMapped {/auth/logout, POST} route[39m[38;5;3m +0ms[39m
[32m[Nest] 14936  - [39m07/19/2026, 9:02:01 PM [32m    LOG[39m [38;5;3m[RouterExplorer] [39m[32mMapped {/auth/refresh, POST} route[39m[38;5;3m +2ms[39m
[32m[Nest] 14936  - [39m07/19/2026, 9:02:01 PM [32m    LOG[39m [38;5;3m[RoutesResolver] [39m[32mUserController {/user}:[39m[38;5;3m +0ms[39m
[32m[Nest] 14936  - [39m07/19/2026, 9:02:01 PM [32m    LOG[39m [38;5;3m[RouterExplorer] [39m[32mMapped {/user/profile, GET} route[39m[38;5;3m +0ms[39m
[32m[Nest] 14936  - [39m07/19/2026, 9:02:01 PM [32m    LOG[39m [38;5;3m[RoutesResolver] [39m[32mAuditController {/audits}:[39m[38;5;3m +1ms[39m
[32m[Nest] 14936  - [39m07/19/2026, 9:02:01 PM [32m    LOG[39m [38;5;3m[RouterExplorer] [39m[32mMapped {/audits, POST} route[39m[38;5;3m +0ms[39m
[32m[Nest] 14936  - [39m07/19/2026, 9:02:01 PM [32m    LOG[39m [38;5;3m[RouterExplorer] [39m[32mMapped {/audits, GET} route[39m[38;5;3m +0ms[39m
[32m[Nest] 14936  - [39m07/19/2026, 9:02:01 PM [32m    LOG[39m [38;5;3m[RouterExplorer] [39m[32mMapped {/audits/:id/result, GET} route[39m[38;5;3m +1ms[39m
[32m[Nest] 14936  - [39m07/19/2026, 9:02:01 PM [32m    LOG[39m [38;5;3m[RouterExplorer] [39m[32mMapped {/audits/:id/export, GET} route[39m[38;5;3m +1ms[39m
[2J[3J[H[[90m9:02:01 PM[0m] File change detected. Starting incremental compilation...

[32m[Nest] 14936  - [39m07/19/2026, 9:02:01 PM [32m    LOG[39m [38;5;3m[NestApplication] [39m[32mNest application successfully started[39m[38;5;3m +65ms[39m
[[90m9:02:05 PM[0m] Found 0 errors. Watching for file changes.

[2J[3J[H[[90m9:02:05 PM[0m] File change detected. Starting incremental compilation...

[[90m9:02:08 PM[0m] Found 0 errors. Watching for file changes.

[32m[Nest] 18240  - [39m07/19/2026, 9:02:13 PM [32m    LOG[39m [38;5;3m[NestFactory] [39m[32mStarting Nest application...[39m
[32m[Nest] 18240  - [39m07/19/2026, 9:02:14 PM [32m    LOG[39m [38;5;3m[InstanceLoader] [39m[32mTypeOrmModule dependencies initialized[39m[38;5;3m +1157ms[39m
[32m[Nest] 18240  - [39m07/19/2026, 9:02:14 PM [32m    LOG[39m [38;5;3m[InstanceLoader] [39m[32mBullModule dependencies initialized[39m[38;5;3m +0ms[39m
[32m[Nest] 18240  - [39m07/19/2026, 9:02:14 PM [32m    LOG[39m [38;5;3m[InstanceLoader] [39m[32mBullBoardModule dependencies initialized[39m[38;5;3m +0ms[39m
[32m[Nest] 18240  - [39m07/19/2026, 9:02:14 PM [32m    LOG[39m [38;5;3m[InstanceLoader] [39m[32mConfigHostModule dependencies initialized[39m[38;5;3m +2ms[39m
[32m[Nest] 18240  - [39m07/19/2026, 9:02:14 PM [32m    LOG[39m [38;5;3m[InstanceLoader] [39m[32mThrottlerModule dependencies initialized[39m[38;5;3m +1ms[39m
[32m[Nest] 18240  - [39m07/19/2026, 9:02:14 PM [32m    LOG[39m [38;5;3m[InstanceLoader] [39m[32mJwtModule dependencies initialized[39m[38;5;3m +0ms[39m
[32m[Nest] 18240  - [39m07/19/2026, 9:02:14 PM [32m    LOG[39m [38;5;3m[InstanceLoader] [39m[32mJwtModule dependencies initialized[39m[38;5;3m +2ms[39m
[32m[Nest] 18240  - [39m07/19/2026, 9:02:14 PM [32m    LOG[39m [38;5;3m[InstanceLoader] [39m[32mBullBoardRootModule dependencies initialized[39m[38;5;3m +0ms[39m
[32m[Nest] 18240  - [39m07/19/2026, 9:02:14 PM [32m    LOG[39m [38;5;3m[InstanceLoader] [39m[32mDiscoveryModule dependencies initialized[39m[38;5;3m +1ms[39m
[32m[Nest] 18240  - [39m07/19/2026, 9:02:14 PM [32m    LOG[39m [38;5;3m[InstanceLoader] [39m[32mBullBoardFeatureModule dependencies initialized[39m[38;5;3m +0ms[39m
[32m[Nest] 18240  - [39m07/19/2026, 9:02:14 PM [32m    LOG[39m [38;5;3m[InstanceLoader] [39m[32mConfigModule dependencies initialized[39m[38;5;3m +1ms[39m
[32m[Nest] 18240  - [39m07/19/2026, 9:02:14 PM [32m    LOG[39m [38;5;3m[InstanceLoader] [39m[32mBullModule dependencies initialized[39m[38;5;3m +4ms[39m
[32m[Nest] 18240  - [39m07/19/2026, 9:02:14 PM [32m    LOG[39m [38;5;3m[InstanceLoader] [39m[32mBullModule dependencies initialized[39m[38;5;3m +1ms[39m
[32m[Nest] 18240  - [39m07/19/2026, 9:02:14 PM [32m    LOG[39m [38;5;3m[InstanceLoader] [39m[32mTypeOrmCoreModule dependencies initialized[39m[38;5;3m +522ms[39m
[32m[Nest] 18240  - [39m07/19/2026, 9:02:14 PM [32m    LOG[39m [38;5;3m[InstanceLoader] [39m[32mTypeOrmModule dependencies initialized[39m[38;5;3m +0ms[39m
[32m[Nest] 18240  - [39m07/19/2026, 9:02:14 PM [32m    LOG[39m [38;5;3m[InstanceLoader] [39m[32mTypeOrmModule dependencies initialized[39m[38;5;3m +0ms[39m
[32m[Nest] 18240  - [39m07/19/2026, 9:02:14 PM [32m    LOG[39m [38;5;3m[InstanceLoader] [39m[32mTypeOrmModule dependencies initialized[39m[38;5;3m +0ms[39m
[32m[Nest] 18240  - [39m07/19/2026, 9:02:14 PM [32m    LOG[39m [38;5;3m[InstanceLoader] [39m[32mAuditModule dependencies initialized[39m[38;5;3m +1ms[39m
[32m[Nest] 18240  - [39m07/19/2026, 9:02:14 PM [32m    LOG[39m [38;5;3m[InstanceLoader] [39m[32mAppModule dependencies initialized[39m[38;5;3m +0ms[39m
[32m[Nest] 18240  - [39m07/19/2026, 9:02:14 PM [32m    LOG[39m [38;5;3m[InstanceLoader] [39m[32mAuthModule dependencies initialized[39m[38;5;3m +1ms[39m
[32m[Nest] 18240  - [39m07/19/2026, 9:02:14 PM [32m    LOG[39m [38;5;3m[InstanceLoader] [39m[32mUserModule dependencies initialized[39m[38;5;3m +0ms[39m
[32m[Nest] 18240  - [39m07/19/2026, 9:02:14 PM [32m    LOG[39m [38;5;3m[RoutesResolver] [39m[32mAppController {/}:[39m[38;5;3m +65ms[39m
[32m[Nest] 18240  - [39m07/19/2026, 9:02:14 PM [32m    LOG[39m [38;5;3m[RouterExplorer] [39m[32mMapped {/, GET} route[39m[38;5;3m +3ms[39m
[32m[Nest] 18240  - [39m07/19/2026, 9:02:14 PM [32m    LOG[39m [38;5;3m[RoutesResolver] [39m[32mAuthController {/auth}:[39m[38;5;3m +2ms[39m
[32m[Nest] 18240  - [39m07/19/2026, 9:02:14 PM [32m    LOG[39m [38;5;3m[RouterExplorer] [39m[32mMapped {/auth/register, POST} route[39m[38;5;3m +1ms[39m
[32m[Nest] 18240  - [39m07/19/2026, 9:02:14 PM [32m    LOG[39m [38;5;3m[RouterExplorer] [39m[32mMapped {/auth/login, POST} route[39m[38;5;3m +0ms[39m
[32m[Nest] 18240  - [39m07/19/2026, 9:02:14 PM [32m    LOG[39m [38;5;3m[RouterExplorer] [39m[32mMapped {/auth/logout, POST} route[39m[38;5;3m +1ms[39m
[32m[Nest] 18240  - [39m07/19/2026, 9:02:14 PM [32m    LOG[39m [38;5;3m[RouterExplorer] [39m[32mMapped {/auth/refresh, POST} route[39m[38;5;3m +1ms[39m
[32m[Nest] 18240  - [39m07/19/2026, 9:02:14 PM [32m    LOG[39m [38;5;3m[RoutesResolver] [39m[32mUserController {/user}:[39m[38;5;3m +0ms[39m
[32m[Nest] 18240  - [39m07/19/2026, 9:02:14 PM [32m    LOG[39m [38;5;3m[RouterExplorer] [39m[32mMapped {/user/profile, GET} route[39m[38;5;3m +0ms[39m
[32m[Nest] 18240  - [39m07/19/2026, 9:02:14 PM [32m    LOG[39m [38;5;3m[RoutesResolver] [39m[32mAuditController {/audits}:[39m[38;5;3m +0ms[39m
[32m[Nest] 18240  - [39m07/19/2026, 9:02:14 PM [32m    LOG[39m [38;5;3m[RouterExplorer] [39m[32mMapped {/audits, POST} route[39m[38;5;3m +1ms[39m
[32m[Nest] 18240  - [39m07/19/2026, 9:02:14 PM [32m    LOG[39m [38;5;3m[RouterExplorer] [39m[32mMapped {/audits, GET} route[39m[38;5;3m +0ms[39m
[32m[Nest] 18240  - [39m07/19/2026, 9:02:14 PM [32m    LOG[39m [38;5;3m[RouterExplorer] [39m[32mMapped {/audits/:id/result, GET} route[39m[38;5;3m +3ms[39m
[32m[Nest] 18240  - [39m07/19/2026, 9:02:14 PM [32m    LOG[39m [38;5;3m[RouterExplorer] [39m[32mMapped {/audits/:id/export, GET} route[39m[38;5;3m +1ms[39m
[32m[Nest] 18240  - [39m07/19/2026, 9:02:14 PM [32m    LOG[39m [38;5;3m[NestApplication] [39m[32mNest application successfully started[39m[38;5;3m +22ms[39m
[2J[3J[H[[90m9:03:38 PM[0m] File change detected. Starting incremental compilation...

[[90m9:03:38 PM[0m] Found 0 errors. Watching for file changes.

[32m[Nest] 11312  - [39m07/19/2026, 9:03:43 PM [32m    LOG[39m [38;5;3m[NestFactory] [39m[32mStarting Nest application...[39m
[32m[Nest] 11312  - [39m07/19/2026, 9:03:44 PM [32m    LOG[39m [38;5;3m[InstanceLoader] [39m[32mTypeOrmModule dependencies initialized[39m[38;5;3m +139ms[39m
[32m[Nest] 11312  - [39m07/19/2026, 9:03:44 PM [32m    LOG[39m [38;5;3m[InstanceLoader] [39m[32mBullModule dependencies initialized[39m[38;5;3m +0ms[39m
[32m[Nest] 11312  - [39m07/19/2026, 9:03:44 PM [32m    LOG[39m [38;5;3m[InstanceLoader] [39m[32mBullBoardModule dependencies initialized[39m[38;5;3m +0ms[39m
[32m[Nest] 11312  - [39m07/19/2026, 9:03:44 PM [32m    LOG[39m [38;5;3m[InstanceLoader] [39m[32mConfigHostModule dependencies initialized[39m[38;5;3m +1ms[39m
[32m[Nest] 11312  - [39m07/19/2026, 9:03:44 PM [32m    LOG[39m [38;5;3m[InstanceLoader] [39m[32mThrottlerModule dependencies initialized[39m[38;5;3m +0ms[39m
[32m[Nest] 11312  - [39m07/19/2026, 9:03:44 PM [32m    LOG[39m [38;5;3m[InstanceLoader] [39m[32mJwtModule dependencies initialized[39m[38;5;3m +0ms[39m
[32m[Nest] 11312  - [39m07/19/2026, 9:03:44 PM [32m    LOG[39m [38;5;3m[InstanceLoader] [39m[32mJwtModule dependencies initialized[39m[38;5;3m +1ms[39m
[32m[Nest] 11312  - [39m07/19/2026, 9:03:44 PM [32m    LOG[39m [38;5;3m[InstanceLoader] [39m[32mBullBoardRootModule dependencies initialized[39m[38;5;3m +0ms[39m
[32m[Nest] 11312  - [39m07/19/2026, 9:03:44 PM [32m    LOG[39m [38;5;3m[InstanceLoader] [39m[32mDiscoveryModule dependencies initialized[39m[38;5;3m +0ms[39m
[32m[Nest] 11312  - [39m07/19/2026, 9:03:44 PM [32m    LOG[39m [38;5;3m[InstanceLoader] [39m[32mBullBoardFeatureModule dependencies initialized[39m[38;5;3m +1ms[39m
[32m[Nest] 11312  - [39m07/19/2026, 9:03:44 PM [32m    LOG[39m [38;5;3m[InstanceLoader] [39m[32mConfigModule dependencies initialized[39m[38;5;3m +0ms[39m
[32m[Nest] 11312  - [39m07/19/2026, 9:03:44 PM [32m    LOG[39m [38;5;3m[InstanceLoader] [39m[32mBullModule dependencies initialized[39m[38;5;3m +3ms[39m
[32m[Nest] 11312  - [39m07/19/2026, 9:03:44 PM [32m    LOG[39m [38;5;3m[InstanceLoader] [39m[32mBullModule dependencies initialized[39m[38;5;3m +0ms[39m
[32m[Nest] 11312  - [39m07/19/2026, 9:03:44 PM [32m    LOG[39m [38;5;3m[InstanceLoader] [39m[32mTypeOrmCoreModule dependencies initialized[39m[38;5;3m +234ms[39m
[32m[Nest] 11312  - [39m07/19/2026, 9:03:44 PM [32m    LOG[39m [38;5;3m[InstanceLoader] [39m[32mTypeOrmModule dependencies initialized[39m[38;5;3m +0ms[39m
[32m[Nest] 11312  - [39m07/19/2026, 9:03:44 PM [32m    LOG[39m [38;5;3m[InstanceLoader] [39m[32mTypeOrmModule dependencies initialized[39m[38;5;3m +0ms[39m
[32m[Nest] 11312  - [39m07/19/2026, 9:03:44 PM [32m    LOG[39m [38;5;3m[InstanceLoader] [39m[32mTypeOrmModule dependencies initialized[39m[38;5;3m +0ms[39m
[32m[Nest] 11312  - [39m07/19/2026, 9:03:44 PM [32m    LOG[39m [38;5;3m[InstanceLoader] [39m[32mAuditModule dependencies initialized[39m[38;5;3m +0ms[39m
[32m[Nest] 11312  - [39m07/19/2026, 9:03:44 PM [32m    LOG[39m [38;5;3m[InstanceLoader] [39m[32mAppModule dependencies initialized[39m[38;5;3m +1ms[39m
[32m[Nest] 11312  - [39m07/19/2026, 9:03:44 PM [32m    LOG[39m [38;5;3m[InstanceLoader] [39m[32mAuthModule dependencies initialized[39m[38;5;3m +0ms[39m
[32m[Nest] 11312  - [39m07/19/2026, 9:03:44 PM [32m    LOG[39m [38;5;3m[InstanceLoader] [39m[32mUserModule dependencies initialized[39m[38;5;3m +0ms[39m
[32m[Nest] 11312  - [39m07/19/2026, 9:03:44 PM [32m    LOG[39m [38;5;3m[RoutesResolver] [39m[32mAppController {/}:[39m[38;5;3m +65ms[39m
[32m[Nest] 11312  - [39m07/19/2026, 9:03:44 PM [32m    LOG[39m [38;5;3m[RouterExplorer] [39m[32mMapped {/, GET} route[39m[38;5;3m +2ms[39m
[32m[Nest] 11312  - [39m07/19/2026, 9:03:44 PM [32m    LOG[39m [38;5;3m[RoutesResolver] [39m[32mAuthController {/auth}:[39m[38;5;3m +0ms[39m
[32m[Nest] 11312  - [39m07/19/2026, 9:03:44 PM [32m    LOG[39m [38;5;3m[RouterExplorer] [39m[32mMapped {/auth/register, POST} route[39m[38;5;3m +1ms[39m
[32m[Nest] 11312  - [39m07/19/2026, 9:03:44 PM [32m    LOG[39m [38;5;3m[RouterExplorer] [39m[32mMapped {/auth/login, POST} route[39m[38;5;3m +0ms[39m
[32m[Nest] 11312  - [39m07/19/2026, 9:03:44 PM [32m    LOG[39m [38;5;3m[RouterExplorer] [39m[32mMapped {/auth/logout, POST} route[39m[38;5;3m +0ms[39m
[32m[Nest] 11312  - [39m07/19/2026, 9:03:44 PM [32m    LOG[39m [38;5;3m[RouterExplorer] [39m[32mMapped {/auth/refresh, POST} route[39m[38;5;3m +1ms[39m
[32m[Nest] 11312  - [39m07/19/2026, 9:03:44 PM [32m    LOG[39m [38;5;3m[RoutesResolver] [39m[32mUserController {/user}:[39m[38;5;3m +0ms[39m
[32m[Nest] 11312  - [39m07/19/2026, 9:03:44 PM [32m    LOG[39m [38;5;3m[RouterExplorer] [39m[32mMapped {/user/profile, GET} route[39m[38;5;3m +0ms[39m
[32m[Nest] 11312  - [39m07/19/2026, 9:03:44 PM [32m    LOG[39m [38;5;3m[RoutesResolver] [39m[32mAuditController {/audits}:[39m[38;5;3m +0ms[39m
[32m[Nest] 11312  - [39m07/19/2026, 9:03:44 PM [32m    LOG[39m [38;5;3m[RouterExplorer] [39m[32mMapped {/audits, POST} route[39m[38;5;3m +0ms[39m
[32m[Nest] 11312  - [39m07/19/2026, 9:03:44 PM [32m    LOG[39m [38;5;3m[RouterExplorer] [39m[32mMapped {/audits, GET} route[39m[38;5;3m +1ms[39m
[32m[Nest] 11312  - [39m07/19/2026, 9:03:44 PM [32m    LOG[39m [38;5;3m[RouterExplorer] [39m[32mMapped {/audits/:id/result, GET} route[39m[38;5;3m +0ms[39m
[32m[Nest] 11312  - [39m07/19/2026, 9:03:44 PM [32m    LOG[39m [38;5;3m[RouterExplorer] [39m[32mMapped {/audits/:id/export, GET} route[39m[38;5;3m +4ms[39m
[32m[Nest] 11312  - [39m07/19/2026, 9:03:44 PM [32m    LOG[39m [38;5;3m[NestApplication] [39m[32mNest application successfully started[39m[38;5;3m +5ms[39m
[2J[3J[H[[90m9:04:27 PM[0m] File change detected. Starting incremental compilation...

[2J[3J[H[[90m10:11:00 PM[0m] File change detected. Starting incremental compilation...

[[90m10:11:01 PM[0m] Found 0 errors. Watching for file changes.

node:internal/modules/cjs/loader:1386
  throw err;
  ^

Error: Cannot find module 'D:\_WebLens\weblens-backend\apps\api\dist\main'
    at Function._resolveFilename (node:internal/modules/cjs/loader:1383:15)
    at defaultResolveImpl (node:internal/modules/cjs/loader:1025:19)
    at resolveForCJSWithHooks (node:internal/modules/cjs/loader:1030:22)
    at Function._load (node:internal/modules/cjs/loader:1192:37)
    at TracingChannel.traceSync (node:diagnostics_channel:322:14)
    at wrapModuleLoad (node:internal/modules/cjs/loader:237:24)
    at Function.executeUserEntryPoint [as runMain] (node:internal/modules/run_main:171:5)
    at node:internal/main/run_main_module:36:49 {
  code: 'MODULE_NOT_FOUND',
  requireStack: []
}

Node.js v22.19.0
[2J[3J[H[[90m10:11:05 PM[0m] File change detected. Starting incremental compilation...

[[90m10:11:10 PM[0m] Found 0 errors. Watching for file changes.

[32m[Nest] 11824  - [39m07/19/2026, 10:11:12 PM [32m    LOG[39m [38;5;3m[NestFactory] [39m[32mStarting Nest application...[39m
[32m[Nest] 11824  - [39m07/19/2026, 10:11:12 PM [32m    LOG[39m [38;5;3m[InstanceLoader] [39m[32mTypeOrmModule dependencies initialized[39m[38;5;3m +76ms[39m
[32m[Nest] 11824  - [39m07/19/2026, 10:11:12 PM [32m    LOG[39m [38;5;3m[InstanceLoader] [39m[32mBullModule dependencies initialized[39m[38;5;3m +0ms[39m
[32m[Nest] 11824  - [39m07/19/2026, 10:11:12 PM [32m    LOG[39m [38;5;3m[InstanceLoader] [39m[32mBullBoardModule dependencies initialized[39m[38;5;3m +0ms[39m
[32m[Nest] 11824  - [39m07/19/2026, 10:11:12 PM [32m    LOG[39m [38;5;3m[InstanceLoader] [39m[32mConfigHostModule dependencies initialized[39m[38;5;3m +0ms[39m
[32m[Nest] 11824  - [39m07/19/2026, 10:11:12 PM [32m    LOG[39m [38;5;3m[InstanceLoader] [39m[32mThrottlerModule dependencies initialized[39m[38;5;3m +0ms[39m
[32m[Nest] 11824  - [39m07/19/2026, 10:11:12 PM [32m    LOG[39m [38;5;3m[InstanceLoader] [39m[32mJwtModule dependencies initialized[39m[38;5;3m +0ms[39m
[32m[Nest] 11824  - [39m07/19/2026, 10:11:12 PM [32m    LOG[39m [38;5;3m[InstanceLoader] [39m[32mJwtModule dependencies initialized[39m[38;5;3m +1ms[39m
[32m[Nest] 11824  - [39m07/19/2026, 10:11:12 PM [32m    LOG[39m [38;5;3m[InstanceLoader] [39m[32mBullBoardRootModule dependencies initialized[39m[38;5;3m +0ms[39m
[32m[Nest] 11824  - [39m07/19/2026, 10:11:12 PM [32m    LOG[39m [38;5;3m[InstanceLoader] [39m[32mDiscoveryModule dependencies initialized[39m[38;5;3m +0ms[39m
[32m[Nest] 11824  - [39m07/19/2026, 10:11:12 PM [32m    LOG[39m [38;5;3m[InstanceLoader] [39m[32mBullBoardFeatureModule dependencies initialized[39m[38;5;3m +0ms[39m
[32m[Nest] 11824  - [39m07/19/2026, 10:11:12 PM [32m    LOG[39m [38;5;3m[InstanceLoader] [39m[32mConfigModule dependencies initialized[39m[38;5;3m +0ms[39m
[32m[Nest] 11824  - [39m07/19/2026, 10:11:12 PM [32m    LOG[39m [38;5;3m[InstanceLoader] [39m[32mBullModule dependencies initialized[39m[38;5;3m +4ms[39m
[32m[Nest] 11824  - [39m07/19/2026, 10:11:12 PM [32m    LOG[39m [38;5;3m[InstanceLoader] [39m[32mBullModule dependencies initialized[39m[38;5;3m +0ms[39m
[31m[Nest] 11824  - [39m07/19/2026, 10:11:12 PM [31m  ERROR[39m [38;5;3m[TypeOrmModule] [39m[31mUnable to connect to the database. Retrying (1)...[39m
AggregateError [ECONNREFUSED]: 
    at internalConnectMultiple (node:net:1134:18)
    at afterConnectMultiple (node:net:1715:7)
AggregateError [ECONNREFUSED]: 
    at internalConnectMultiple (node:net:1134:18)
    at afterConnectMultiple (node:net:1715:7) {
  code: 'ECONNREFUSED',
  [errors]: [
    Error: connect ECONNREFUSED ::1:6379
        at createConnectionError (node:net:1678:14)
        at afterConnectMultiple (node:net:1708:16) {
      errno: -4078,
      code: 'ECONNREFUSED',
      syscall: 'connect',
      address: '::1',
      port: 6379
    },
    Error: connect ECONNREFUSED 127.0.0.1:6379
        at createConnectionError (node:net:1678:14)
        at afterConnectMultiple (node:net:1708:16) {
      errno: -4078,
      code: 'ECONNREFUSED',
      syscall: 'connect',
      address: '127.0.0.1',
      port: 6379
    }
  ]
}
AggregateError [ECONNREFUSED]: 
    at internalConnectMultiple (node:net:1134:18)
    at afterConnectMultiple (node:net:1715:7) {
  code: 'ECONNREFUSED',
  [errors]: [
    Error: connect ECONNREFUSED ::1:6379
        at createConnectionError (node:net:1678:14)
        at afterConnectMultiple (node:net:1708:16) {
      errno: -4078,
      code: 'ECONNREFUSED',
      syscall: 'connect',
      address: '::1',
      port: 6379
    },
    Error: connect ECONNREFUSED 127.0.0.1:6379
        at createConnectionError (node:net:1678:14)
        at afterConnectMultiple (node:net:1708:16) {
      errno: -4078,
      code: 'ECONNREFUSED',
      syscall: 'connect',
      address: '127.0.0.1',
      port: 6379
    }
  ]
}
AggregateError [ECONNREFUSED]: 
    at internalConnectMultiple (node:net:1134:18)
    at afterConnectMultiple (node:net:1715:7) {
  code: 'ECONNREFUSED',
  [errors]: [
    Error: connect ECONNREFUSED ::1:6379
        at createConnectionError (node:net:1678:14)
        at afterConnectMultiple (node:net:1708:16) {
      errno: -4078,
      code: 'ECONNREFUSED',
      syscall: 'connect',
      address: '::1',
      port: 6379
    },
    Error: connect ECONNREFUSED 127.0.0.1:6379
        at createConnectionError (node:net:1678:14)
        at afterConnectMultiple (node:net:1708:16) {
      errno: -4078,
      code: 'ECONNREFUSED',
      syscall: 'connect',
      address: '127.0.0.1',
      port: 6379
    }
  ]
}
[31m[Nest] 11824  - [39m07/19/2026, 10:11:15 PM [31m  ERROR[39m [38;5;3m[TypeOrmModule] [39m[31mUnable to connect to the database. Retrying (2)...[39m
AggregateError [ECONNREFUSED]: 
    at internalConnectMultiple (node:net:1134:18)
    at afterConnectMultiple (node:net:1715:7)
AggregateError [ECONNREFUSED]: 
    at internalConnectMultiple (node:net:1134:18)
    at afterConnectMultiple (node:net:1715:7) {
  code: 'ECONNREFUSED',
  [errors]: [
    Error: connect ECONNREFUSED ::1:6379
        at createConnectionError (node:net:1678:14)
        at afterConnectMultiple (node:net:1708:16) {
      errno: -4078,
      code: 'ECONNREFUSED',
      syscall: 'connect',
      address: '::1',
      port: 6379
    },
    Error: connect ECONNREFUSED 127.0.0.1:6379
        at createConnectionError (node:net:1678:14)
        at afterConnectMultiple (node:net:1708:16) {
      errno: -4078,
      code: 'ECONNREFUSED',
      syscall: 'connect',
      address: '127.0.0.1',
      port: 6379
    }
  ]
}
AggregateError [ECONNREFUSED]: 
    at internalConnectMultiple (node:net:1134:18)
    at afterConnectMultiple (node:net:1715:7) {
  code: 'ECONNREFUSED',
  [errors]: [
    Error: connect ECONNREFUSED ::1:6379
        at createConnectionError (node:net:1678:14)
        at afterConnectMultiple (node:net:1708:16) {
      errno: -4078,
      code: 'ECONNREFUSED',
      syscall: 'connect',
      address: '::1',
      port: 6379
    },
    Error: connect ECONNREFUSED 127.0.0.1:6379
        at createConnectionError (node:net:1678:14)
        at afterConnectMultiple (node:net:1708:16) {
      errno: -4078,
      code: 'ECONNREFUSED',
      syscall: 'connect',
      address: '127.0.0.1',
      port: 6379
    }
  ]
}
AggregateError [ECONNREFUSED]: 
    at internalConnectMultiple (node:net:1134:18)
    at afterConnectMultiple (node:net:1715:7) {
  code: 'ECONNREFUSED',
  [errors]: [
    Error: connect ECONNREFUSED ::1:6379
        at createConnectionError (node:net:1678:14)
        at afterConnectMultiple (node:net:1708:16) {
      errno: -4078,
      code: 'ECONNREFUSED',
      syscall: 'connect',
      address: '::1',
      port: 6379
    },
    Error: connect ECONNREFUSED 127.0.0.1:6379
        at createConnectionError (node:net:1678:14)
        at afterConnectMultiple (node:net:1708:16) {
      errno: -4078,
      code: 'ECONNREFUSED',
      syscall: 'connect',
      address: '127.0.0.1',
      port: 6379
    }
  ]
}
[31m[Nest] 11824  - [39m07/19/2026, 10:11:18 PM [31m  ERROR[39m [38;5;3m[TypeOrmModule] [39m[31mUnable to connect to the database. Retrying (3)...[39m
AggregateError [ECONNREFUSED]: 
    at internalConnectMultiple (node:net:1134:18)
    at afterConnectMultiple (node:net:1715:7)
AggregateError [ECONNREFUSED]: 
    at internalConnectMultiple (node:net:1134:18)
    at afterConnectMultiple (node:net:1715:7) {
  code: 'ECONNREFUSED',
  [errors]: [
    Error: connect ECONNREFUSED ::1:6379
        at createConnectionError (node:net:1678:14)
        at afterConnectMultiple (node:net:1708:16) {
      errno: -4078,
      code: 'ECONNREFUSED',
      syscall: 'connect',
      address: '::1',
      port: 6379
    },
    Error: connect ECONNREFUSED 127.0.0.1:6379
        at createConnectionError (node:net:1678:14)
        at afterConnectMultiple (node:net:1708:16) {
      errno: -4078,
      code: 'ECONNREFUSED',
      syscall: 'connect',
      address: '127.0.0.1',
      port: 6379
    }
  ]
}
AggregateError [ECONNREFUSED]: 
    at internalConnectMultiple (node:net:1134:18)
    at afterConnectMultiple (node:net:1715:7) {
  code: 'ECONNREFUSED',
  [errors]: [
    Error: connect ECONNREFUSED ::1:6379
        at createConnectionError (node:net:1678:14)
        at afterConnectMultiple (node:net:1708:16) {
      errno: -4078,
      code: 'ECONNREFUSED',
      syscall: 'connect',
      address: '::1',
      port: 6379
    },
    Error: connect ECONNREFUSED 127.0.0.1:6379
        at createConnectionError (node:net:1678:14)
        at afterConnectMultiple (node:net:1708:16) {
      errno: -4078,
      code: 'ECONNREFUSED',
      syscall: 'connect',
      address: '127.0.0.1',
      port: 6379
    }
  ]
}
[31m[Nest] 11824  - [39m07/19/2026, 10:11:21 PM [31m  ERROR[39m [38;5;3m[TypeOrmModule] [39m[31mUnable to connect to the database. Retrying (4)...[39m
AggregateError [ECONNREFUSED]: 
    at internalConnectMultiple (node:net:1134:18)
    at afterConnectMultiple (node:net:1715:7)
AggregateError [ECONNREFUSED]: 
    at internalConnectMultiple (node:net:1134:18)
    at afterConnectMultiple (node:net:1715:7) {
  code: 'ECONNREFUSED',
  [errors]: [
    Error: connect ECONNREFUSED ::1:6379
        at createConnectionError (node:net:1678:14)
        at afterConnectMultiple (node:net:1708:16) {
      errno: -4078,
      code: 'ECONNREFUSED',
      syscall: 'connect',
      address: '::1',
      port: 6379
    },
    Error: connect ECONNREFUSED 127.0.0.1:6379
        at createConnectionError (node:net:1678:14)
        at afterConnectMultiple (node:net:1708:16) {
      errno: -4078,
      code: 'ECONNREFUSED',
      syscall: 'connect',
      address: '127.0.0.1',
      port: 6379
    }
  ]
}
[31m[Nest] 11824  - [39m07/19/2026, 10:11:24 PM [31m  ERROR[39m [38;5;3m[TypeOrmModule] [39m[31mUnable to connect to the database. Retrying (5)...[39m
AggregateError [ECONNREFUSED]: 
    at internalConnectMultiple (node:net:1134:18)
    at afterConnectMultiple (node:net:1715:7)
[31m[Nest] 11824  - [39m07/19/2026, 10:11:27 PM [31m  ERROR[39m [38;5;3m[TypeOrmModule] [39m[31mUnable to connect to the database. Retrying (6)...[39m
AggregateError [ECONNREFUSED]: 
    at internalConnectMultiple (node:net:1134:18)
    at afterConnectMultiple (node:net:1715:7)
[31m[Nest] 11824  - [39m07/19/2026, 10:11:30 PM [31m  ERROR[39m [38;5;3m[TypeOrmModule] [39m[31mUnable to connect to the database. Retrying (7)...[39m
AggregateError [ECONNREFUSED]: 
    at internalConnectMultiple (node:net:1134:18)
    at afterConnectMultiple (node:net:1715:7)
AggregateError [ECONNREFUSED]: 
    at internalConnectMultiple (node:net:1134:18)
    at afterConnectMultiple (node:net:1715:7) {
  code: 'ECONNREFUSED',
  [errors]: [
    Error: connect ECONNREFUSED ::1:6379
        at createConnectionError (node:net:1678:14)
        at afterConnectMultiple (node:net:1708:16) {
      errno: -4078,
      code: 'ECONNREFUSED',
      syscall: 'connect',
      address: '::1',
      port: 6379
    },
    Error: connect ECONNREFUSED 127.0.0.1:6379
        at createConnectionError (node:net:1678:14)
        at afterConnectMultiple (node:net:1708:16) {
      errno: -4078,
      code: 'ECONNREFUSED',
      syscall: 'connect',
      address: '127.0.0.1',
      port: 6379
    }
  ]
}
[31m[Nest] 11824  - [39m07/19/2026, 10:11:33 PM [31m  ERROR[39m [38;5;3m[TypeOrmModule] [39m[31mUnable to connect to the database. Retrying (8)...[39m
AggregateError [ECONNREFUSED]: 
    at internalConnectMultiple (node:net:1134:18)
    at afterConnectMultiple (node:net:1715:7)
[31m[Nest] 11824  - [39m07/19/2026, 10:11:36 PM [31m  ERROR[39m [38;5;3m[TypeOrmModule] [39m[31mUnable to connect to the database. Retrying (9)...[39m
AggregateError [ECONNREFUSED]: 
    at internalConnectMultiple (node:net:1134:18)
    at afterConnectMultiple (node:net:1715:7)
[31m[Nest] 11824  - [39m07/19/2026, 10:11:36 PM [31m  ERROR[39m [38;5;3m[ExceptionHandler] [39mAggregateError [ECONNREFUSED]: 
[90m    at internalConnectMultiple (node:net:1134:18)[39m
[90m    at afterConnectMultiple (node:net:1715:7)[39m {
  code: [32m'ECONNREFUSED'[39m,
  fatal: [33mtrue[39m,
  [errors]: [
    Error: connect ECONNREFUSED ::1:3306
    [90m    at createConnectionError (node:net:1678:14)[39m
    [90m    at afterConnectMultiple (node:net:1708:16)[39m {
      errno: [33m-4078[39m,
      code: [32m'ECONNREFUSED'[39m,
      syscall: [32m'connect'[39m,
      address: [32m'::1'[39m,
      port: [33m3306[39m
    },
    Error: connect ECONNREFUSED 127.0.0.1:3306
    [90m    at createConnectionError (node:net:1678:14)[39m
    [90m    at afterConnectMultiple (node:net:1708:16)[39m {
      errno: [33m-4078[39m,
      code: [32m'ECONNREFUSED'[39m,
      syscall: [32m'connect'[39m,
      address: [32m'127.0.0.1'[39m,
      port: [33m3306[39m
    }
  ]
}
[2J[3J[H[[90m10:16:40 PM[0m] File change detected. Starting incremental compilation...

[[90m10:16:41 PM[0m] Found 0 errors. Watching for file changes.

[32m[Nest] 8424  - [39m07/19/2026, 10:16:46 PM [32m    LOG[39m [38;5;3m[NestFactory] [39m[32mStarting Nest application...[39m
[32m[Nest] 8424  - [39m07/19/2026, 10:16:46 PM [32m    LOG[39m [38;5;3m[InstanceLoader] [39m[32mTypeOrmModule dependencies initialized[39m[38;5;3m +187ms[39m
[32m[Nest] 8424  - [39m07/19/2026, 10:16:46 PM [32m    LOG[39m [38;5;3m[InstanceLoader] [39m[32mBullModule dependencies initialized[39m[38;5;3m +0ms[39m
[32m[Nest] 8424  - [39m07/19/2026, 10:16:46 PM [32m    LOG[39m [38;5;3m[InstanceLoader] [39m[32mBullBoardModule dependencies initialized[39m[38;5;3m +0ms[39m
[32m[Nest] 8424  - [39m07/19/2026, 10:16:46 PM [32m    LOG[39m [38;5;3m[InstanceLoader] [39m[32mConfigHostModule dependencies initialized[39m[38;5;3m +1ms[39m
[32m[Nest] 8424  - [39m07/19/2026, 10:16:46 PM [32m    LOG[39m [38;5;3m[InstanceLoader] [39m[32mThrottlerModule dependencies initialized[39m[38;5;3m +0ms[39m
[32m[Nest] 8424  - [39m07/19/2026, 10:16:46 PM [32m    LOG[39m [38;5;3m[InstanceLoader] [39m[32mJwtModule dependencies initialized[39m[38;5;3m +0ms[39m
[32m[Nest] 8424  - [39m07/19/2026, 10:16:46 PM [32m    LOG[39m [38;5;3m[InstanceLoader] [39m[32mJwtModule dependencies initialized[39m[38;5;3m +0ms[39m
[32m[Nest] 8424  - [39m07/19/2026, 10:16:46 PM [32m    LOG[39m [38;5;3m[InstanceLoader] [39m[32mBullBoardRootModule dependencies initialized[39m[38;5;3m +1ms[39m
[32m[Nest] 8424  - [39m07/19/2026, 10:16:46 PM [32m    LOG[39m [38;5;3m[InstanceLoader] [39m[32mDiscoveryModule dependencies initialized[39m[38;5;3m +0ms[39m
[32m[Nest] 8424  - [39m07/19/2026, 10:16:46 PM [32m    LOG[39m [38;5;3m[InstanceLoader] [39m[32mBullBoardFeatureModule dependencies initialized[39m[38;5;3m +1ms[39m
[32m[Nest] 8424  - [39m07/19/2026, 10:16:46 PM [32m    LOG[39m [38;5;3m[InstanceLoader] [39m[32mConfigModule dependencies initialized[39m[38;5;3m +1ms[39m
[32m[Nest] 8424  - [39m07/19/2026, 10:16:46 PM [32m    LOG[39m [38;5;3m[InstanceLoader] [39m[32mBullModule dependencies initialized[39m[38;5;3m +6ms[39m
[32m[Nest] 8424  - [39m07/19/2026, 10:16:46 PM [32m    LOG[39m [38;5;3m[InstanceLoader] [39m[32mBullModule dependencies initialized[39m[38;5;3m +1ms[39m
[32m[Nest] 8424  - [39m07/19/2026, 10:16:46 PM [32m    LOG[39m [38;5;3m[InstanceLoader] [39m[32mTypeOrmCoreModule dependencies initialized[39m[38;5;3m +163ms[39m
[32m[Nest] 8424  - [39m07/19/2026, 10:16:46 PM [32m    LOG[39m [38;5;3m[InstanceLoader] [39m[32mTypeOrmModule dependencies initialized[39m[38;5;3m +0ms[39m
[32m[Nest] 8424  - [39m07/19/2026, 10:16:46 PM [32m    LOG[39m [38;5;3m[InstanceLoader] [39m[32mTypeOrmModule dependencies initialized[39m[38;5;3m +0ms[39m
[32m[Nest] 8424  - [39m07/19/2026, 10:16:46 PM [32m    LOG[39m [38;5;3m[InstanceLoader] [39m[32mTypeOrmModule dependencies initialized[39m[38;5;3m +0ms[39m
[32m[Nest] 8424  - [39m07/19/2026, 10:16:46 PM [32m    LOG[39m [38;5;3m[InstanceLoader] [39m[32mAuditModule dependencies initialized[39m[38;5;3m +1ms[39m
[32m[Nest] 8424  - [39m07/19/2026, 10:16:46 PM [32m    LOG[39m [38;5;3m[InstanceLoader] [39m[32mAppModule dependencies initialized[39m[38;5;3m +0ms[39m
[32m[Nest] 8424  - [39m07/19/2026, 10:16:46 PM [32m    LOG[39m [38;5;3m[InstanceLoader] [39m[32mAuthModule dependencies initialized[39m[38;5;3m +1ms[39m
[32m[Nest] 8424  - [39m07/19/2026, 10:16:46 PM [32m    LOG[39m [38;5;3m[InstanceLoader] [39m[32mUserModule dependencies initialized[39m[38;5;3m +0ms[39m
[32m[Nest] 8424  - [39m07/19/2026, 10:16:47 PM [32m    LOG[39m [38;5;3m[RoutesResolver] [39m[32mAppController {/}:[39m[38;5;3m +111ms[39m
[32m[Nest] 8424  - [39m07/19/2026, 10:16:47 PM [32m    LOG[39m [38;5;3m[RouterExplorer] [39m[32mMapped {/, GET} route[39m[38;5;3m +5ms[39m
[32m[Nest] 8424  - [39m07/19/2026, 10:16:47 PM [32m    LOG[39m [38;5;3m[RoutesResolver] [39m[32mAuthController {/auth}:[39m[38;5;3m +0ms[39m
[32m[Nest] 8424  - [39m07/19/2026, 10:16:47 PM [32m    LOG[39m [38;5;3m[RouterExplorer] [39m[32mMapped {/auth/register, POST} route[39m[38;5;3m +1ms[39m
[32m[Nest] 8424  - [39m07/19/2026, 10:16:47 PM [32m    LOG[39m [38;5;3m[RouterExplorer] [39m[32mMapped {/auth/login, POST} route[39m[38;5;3m +1ms[39m
[32m[Nest] 8424  - [39m07/19/2026, 10:16:47 PM [32m    LOG[39m [38;5;3m[RouterExplorer] [39m[32mMapped {/auth/logout, POST} route[39m[38;5;3m +0ms[39m
[32m[Nest] 8424  - [39m07/19/2026, 10:16:47 PM [32m    LOG[39m [38;5;3m[RouterExplorer] [39m[32mMapped {/auth/refresh, POST} route[39m[38;5;3m +1ms[39m
[32m[Nest] 8424  - [39m07/19/2026, 10:16:47 PM [32m    LOG[39m [38;5;3m[RoutesResolver] [39m[32mUserController {/user}:[39m[38;5;3m +0ms[39m
[32m[Nest] 8424  - [39m07/19/2026, 10:16:47 PM [32m    LOG[39m [38;5;3m[RouterExplorer] [39m[32mMapped {/user/profile, GET} route[39m[38;5;3m +0ms[39m
[32m[Nest] 8424  - [39m07/19/2026, 10:16:47 PM [32m    LOG[39m [38;5;3m[RoutesResolver] [39m[32mAuditController {/audits}:[39m[38;5;3m +0ms[39m
[32m[Nest] 8424  - [39m07/19/2026, 10:16:47 PM [32m    LOG[39m [38;5;3m[RouterExplorer] [39m[32mMapped {/audits, POST} route[39m[38;5;3m +1ms[39m
[32m[Nest] 8424  - [39m07/19/2026, 10:16:47 PM [32m    LOG[39m [38;5;3m[RouterExplorer] [39m[32mMapped {/audits, GET} route[39m[38;5;3m +0ms[39m
[32m[Nest] 8424  - [39m07/19/2026, 10:16:47 PM [32m    LOG[39m [38;5;3m[RouterExplorer] [39m[32mMapped {/audits/:id/result, GET} route[39m[38;5;3m +1ms[39m
[32m[Nest] 8424  - [39m07/19/2026, 10:16:47 PM [32m    LOG[39m [38;5;3m[RouterExplorer] [39m[32mMapped {/audits/:id/export, GET} route[39m[38;5;3m +0ms[39m
[32m[Nest] 8424  - [39m07/19/2026, 10:16:47 PM [32m    LOG[39m [38;5;3m[NestApplication] [39m[32mNest application successfully started[39m[38;5;3m +23ms[39m
Client connected: SjVMrWjYAgODD8VjAAAB
[2J[3J[H[[90m10:16:53 PM[0m] File change detected. Starting incremental compilation...

[96msrc/audit/audit.controller.ts[0m:[93m21[0m:[93m23[0m - [91merror[0m[90m TS2304: [0mCannot find name 'User'.

[7m21[0m     @InjectRepository(User) private userRepository: Repository<User>,
[7m  [0m [91m                      ~~~~[0m

[96msrc/audit/audit.controller.ts[0m:[93m21[0m:[93m64[0m - [91merror[0m[90m TS2304: [0mCannot find name 'User'.

[7m21[0m     @InjectRepository(User) private userRepository: Repository<User>,
[7m  [0m [91m                                                               ~~~~[0m

[[90m10:16:54 PM[0m] Found 2 errors. Watching for file changes.

[2J[3J[H[[90m10:17:00 PM[0m] File change detected. Starting incremental compilation...

[96msrc/audit/audit.controller.ts[0m:[93m19[0m:[93m23[0m - [91merror[0m[90m TS2552: [0mCannot find name 'Audit'. Did you mean 'Audio'?

[7m19[0m     @InjectRepository(Audit) private auditRepository: Repository<Audit>,
[7m  [0m [91m                      ~~~~~[0m

  [96m../../node_modules/typescript/lib/lib.dom.d.ts[0m:[93m38386[0m:[93m13[0m
    [7m38386[0m declare var Audio: {
    [7m     [0m [96m            ~~~~~[0m
    'Audio' is declared here.

[96msrc/audit/audit.controller.ts[0m:[93m19[0m:[93m66[0m - [91merror[0m[90m TS2304: [0mCannot find name 'Audit'.

[7m19[0m     @InjectRepository(Audit) private auditRepository: Repository<Audit>,
[7m  [0m [91m                                                                 ~~~~~[0m

[96msrc/audit/audit.controller.ts[0m:[93m20[0m:[93m23[0m - [91merror[0m[90m TS2304: [0mCannot find name 'AuditResult'.

[7m20[0m     @InjectRepository(AuditResult) private auditResultRepository: Repository<AuditResult>,
[7m  [0m [91m                      ~~~~~~~~~~~[0m

[96msrc/audit/audit.controller.ts[0m:[93m20[0m:[93m78[0m - [91merror[0m[90m TS2304: [0mCannot find name 'AuditResult'.

[7m20[0m     @InjectRepository(AuditResult) private auditResultRepository: Repository<AuditResult>,
[7m  [0m [91m                                                                             ~~~~~~~~~~~[0m

[96msrc/audit/audit.controller.ts[0m:[93m27[0m:[93m107[0m - [91merror[0m[90m TS2304: [0mCannot find name 'Audit'.

[7m27[0m   async createAudit(@Body() body: CreateAuditDto, @Req() req: Request): Promise<{ message: string; audit: Audit }> {
[7m  [0m [91m                                                                                                          ~~~~~[0m

[96msrc/audit/audit.controller.ts[0m:[93m121[0m:[93m67[0m - [91merror[0m[90m TS2304: [0mCannot find name 'Audit'.

[7m121[0m   async getAuditResult(@Param('id') id: string): Promise<{ audit: Audit; result: AuditResult | null }> {
[7m   [0m [91m                                                                  ~~~~~[0m

[96msrc/audit/audit.controller.ts[0m:[93m121[0m:[93m82[0m - [91merror[0m[90m TS2304: [0mCannot find name 'AuditResult'.

[7m121[0m   async getAuditResult(@Param('id') id: string): Promise<{ audit: Audit; result: AuditResult | null }> {
[7m   [0m [91m                                                                                 ~~~~~~~~~~~[0m

[[90m10:17:02 PM[0m] Found 7 errors. Watching for file changes.

[2J[3J[H[[90m10:17:10 PM[0m] File change detected. Starting incremental compilation...

[[90m10:17:11 PM[0m] Found 0 errors. Watching for file changes.

[32m[Nest] 13396  - [39m07/19/2026, 10:17:16 PM [32m    LOG[39m [38;5;3m[NestFactory] [39m[32mStarting Nest application...[39m
[32m[Nest] 13396  - [39m07/19/2026, 10:17:16 PM [32m    LOG[39m [38;5;3m[InstanceLoader] [39m[32mTypeOrmModule dependencies initialized[39m[38;5;3m +199ms[39m
[32m[Nest] 13396  - [39m07/19/2026, 10:17:16 PM [32m    LOG[39m [38;5;3m[InstanceLoader] [39m[32mBullModule dependencies initialized[39m[38;5;3m +0ms[39m
[32m[Nest] 13396  - [39m07/19/2026, 10:17:16 PM [32m    LOG[39m [38;5;3m[InstanceLoader] [39m[32mBullBoardModule dependencies initialized[39m[38;5;3m +0ms[39m
[32m[Nest] 13396  - [39m07/19/2026, 10:17:16 PM [32m    LOG[39m [38;5;3m[InstanceLoader] [39m[32mConfigHostModule dependencies initialized[39m[38;5;3m +1ms[39m
[32m[Nest] 13396  - [39m07/19/2026, 10:17:16 PM [32m    LOG[39m [38;5;3m[InstanceLoader] [39m[32mThrottlerModule dependencies initialized[39m[38;5;3m +0ms[39m
[32m[Nest] 13396  - [39m07/19/2026, 10:17:16 PM [32m    LOG[39m [38;5;3m[InstanceLoader] [39m[32mJwtModule dependencies initialized[39m[38;5;3m +0ms[39m
[32m[Nest] 13396  - [39m07/19/2026, 10:17:16 PM [32m    LOG[39m [38;5;3m[InstanceLoader] [39m[32mJwtModule dependencies initialized[39m[38;5;3m +0ms[39m
[32m[Nest] 13396  - [39m07/19/2026, 10:17:16 PM [32m    LOG[39m [38;5;3m[InstanceLoader] [39m[32mBullBoardRootModule dependencies initialized[39m[38;5;3m +0ms[39m
[32m[Nest] 13396  - [39m07/19/2026, 10:17:16 PM [32m    LOG[39m [38;5;3m[InstanceLoader] [39m[32mDiscoveryModule dependencies initialized[39m[38;5;3m +1ms[39m
[32m[Nest] 13396  - [39m07/19/2026, 10:17:16 PM [32m    LOG[39m [38;5;3m[InstanceLoader] [39m[32mBullBoardFeatureModule dependencies initialized[39m[38;5;3m +0ms[39m
[32m[Nest] 13396  - [39m07/19/2026, 10:17:16 PM [32m    LOG[39m [38;5;3m[InstanceLoader] [39m[32mConfigModule dependencies initialized[39m[38;5;3m +0ms[39m
[32m[Nest] 13396  - [39m07/19/2026, 10:17:16 PM [32m    LOG[39m [38;5;3m[InstanceLoader] [39m[32mBullModule dependencies initialized[39m[38;5;3m +3ms[39m
[32m[Nest] 13396  - [39m07/19/2026, 10:17:16 PM [32m    LOG[39m [38;5;3m[InstanceLoader] [39m[32mBullModule dependencies initialized[39m[38;5;3m +1ms[39m
[32m[Nest] 13396  - [39m07/19/2026, 10:17:16 PM [32m    LOG[39m [38;5;3m[InstanceLoader] [39m[32mTypeOrmCoreModule dependencies initialized[39m[38;5;3m +182ms[39m
[32m[Nest] 13396  - [39m07/19/2026, 10:17:16 PM [32m    LOG[39m [38;5;3m[InstanceLoader] [39m[32mTypeOrmModule dependencies initialized[39m[38;5;3m +0ms[39m
[32m[Nest] 13396  - [39m07/19/2026, 10:17:16 PM [32m    LOG[39m [38;5;3m[InstanceLoader] [39m[32mTypeOrmModule dependencies initialized[39m[38;5;3m +0ms[39m
[32m[Nest] 13396  - [39m07/19/2026, 10:17:16 PM [32m    LOG[39m [38;5;3m[InstanceLoader] [39m[32mTypeOrmModule dependencies initialized[39m[38;5;3m +0ms[39m
[32m[Nest] 13396  - [39m07/19/2026, 10:17:16 PM [32m    LOG[39m [38;5;3m[InstanceLoader] [39m[32mAuditModule dependencies initialized[39m[38;5;3m +0ms[39m
[32m[Nest] 13396  - [39m07/19/2026, 10:17:16 PM [32m    LOG[39m [38;5;3m[InstanceLoader] [39m[32mAppModule dependencies initialized[39m[38;5;3m +1ms[39m
[32m[Nest] 13396  - [39m07/19/2026, 10:17:16 PM [32m    LOG[39m [38;5;3m[InstanceLoader] [39m[32mAuthModule dependencies initialized[39m[38;5;3m +0ms[39m
[32m[Nest] 13396  - [39m07/19/2026, 10:17:16 PM [32m    LOG[39m [38;5;3m[InstanceLoader] [39m[32mUserModule dependencies initialized[39m[38;5;3m +0ms[39m
[32m[Nest] 13396  - [39m07/19/2026, 10:17:16 PM [32m    LOG[39m [38;5;3m[RoutesResolver] [39m[32mAppController {/}:[39m[38;5;3m +75ms[39m
[32m[Nest] 13396  - [39m07/19/2026, 10:17:16 PM [32m    LOG[39m [38;5;3m[RouterExplorer] [39m[32mMapped {/, GET} route[39m[38;5;3m +3ms[39m
[32m[Nest] 13396  - [39m07/19/2026, 10:17:16 PM [32m    LOG[39m [38;5;3m[RoutesResolver] [39m[32mAuthController {/auth}:[39m[38;5;3m +0ms[39m
[32m[Nest] 13396  - [39m07/19/2026, 10:17:16 PM [32m    LOG[39m [38;5;3m[RouterExplorer] [39m[32mMapped {/auth/register, POST} route[39m[38;5;3m +2ms[39m
[32m[Nest] 13396  - [39m07/19/2026, 10:17:16 PM [32m    LOG[39m [38;5;3m[RouterExplorer] [39m[32mMapped {/auth/login, POST} route[39m[38;5;3m +1ms[39m
[32m[Nest] 13396  - [39m07/19/2026, 10:17:16 PM [32m    LOG[39m [38;5;3m[RouterExplorer] [39m[32mMapped {/auth/logout, POST} route[39m[38;5;3m +0ms[39m
[32m[Nest] 13396  - [39m07/19/2026, 10:17:16 PM [32m    LOG[39m [38;5;3m[RouterExplorer] [39m[32mMapped {/auth/refresh, POST} route[39m[38;5;3m +3ms[39m
[32m[Nest] 13396  - [39m07/19/2026, 10:17:16 PM [32m    LOG[39m [38;5;3m[RoutesResolver] [39m[32mUserController {/user}:[39m[38;5;3m +1ms[39m
[32m[Nest] 13396  - [39m07/19/2026, 10:17:16 PM [32m    LOG[39m [38;5;3m[RouterExplorer] [39m[32mMapped {/user/profile, GET} route[39m[38;5;3m +2ms[39m
[32m[Nest] 13396  - [39m07/19/2026, 10:17:16 PM [32m    LOG[39m [38;5;3m[RoutesResolver] [39m[32mAuditController {/audits}:[39m[38;5;3m +0ms[39m
[32m[Nest] 13396  - [39m07/19/2026, 10:17:16 PM [32m    LOG[39m [38;5;3m[RouterExplorer] [39m[32mMapped {/audits, POST} route[39m[38;5;3m +1ms[39m
[32m[Nest] 13396  - [39m07/19/2026, 10:17:16 PM [32m    LOG[39m [38;5;3m[RouterExplorer] [39m[32mMapped {/audits, GET} route[39m[38;5;3m +0ms[39m
[32m[Nest] 13396  - [39m07/19/2026, 10:17:16 PM [32m    LOG[39m [38;5;3m[RouterExplorer] [39m[32mMapped {/audits/:id/result, GET} route[39m[38;5;3m +1ms[39m
[32m[Nest] 13396  - [39m07/19/2026, 10:17:16 PM [32m    LOG[39m [38;5;3m[RouterExplorer] [39m[32mMapped {/audits/:id/export, GET} route[39m[38;5;3m +0ms[39m
[32m[Nest] 13396  - [39m07/19/2026, 10:17:16 PM [32m    LOG[39m [38;5;3m[NestApplication] [39m[32mNest application successfully started[39m[38;5;3m +14ms[39m
Client connected: 3Xq5lxg_D5sUBfswAAAB
[2J[3J[H[[90m10:17:20 PM[0m] File change detected. Starting incremental compilation...

[[90m10:17:21 PM[0m] Found 0 errors. Watching for file changes.

[32m[Nest] 17212  - [39m07/19/2026, 10:17:26 PM [32m    LOG[39m [38;5;3m[NestFactory] [39m[32mStarting Nest application...[39m
[32m[Nest] 17212  - [39m07/19/2026, 10:17:26 PM [32m    LOG[39m [38;5;3m[InstanceLoader] [39m[32mTypeOrmModule dependencies initialized[39m[38;5;3m +222ms[39m
[32m[Nest] 17212  - [39m07/19/2026, 10:17:26 PM [32m    LOG[39m [38;5;3m[InstanceLoader] [39m[32mBullModule dependencies initialized[39m[38;5;3m +0ms[39m
[32m[Nest] 17212  - [39m07/19/2026, 10:17:26 PM [32m    LOG[39m [38;5;3m[InstanceLoader] [39m[32mBullBoardModule dependencies initialized[39m[38;5;3m +0ms[39m
[32m[Nest] 17212  - [39m07/19/2026, 10:17:26 PM [32m    LOG[39m [38;5;3m[InstanceLoader] [39m[32mConfigHostModule dependencies initialized[39m[38;5;3m +1ms[39m
[32m[Nest] 17212  - [39m07/19/2026, 10:17:26 PM [32m    LOG[39m [38;5;3m[InstanceLoader] [39m[32mThrottlerModule dependencies initialized[39m[38;5;3m +0ms[39m
[32m[Nest] 17212  - [39m07/19/2026, 10:17:26 PM [32m    LOG[39m [38;5;3m[InstanceLoader] [39m[32mJwtModule dependencies initialized[39m[38;5;3m +0ms[39m
[32m[Nest] 17212  - [39m07/19/2026, 10:17:26 PM [32m    LOG[39m [38;5;3m[InstanceLoader] [39m[32mJwtModule dependencies initialized[39m[38;5;3m +1ms[39m
[32m[Nest] 17212  - [39m07/19/2026, 10:17:26 PM [32m    LOG[39m [38;5;3m[InstanceLoader] [39m[32mBullBoardRootModule dependencies initialized[39m[38;5;3m +1ms[39m
[32m[Nest] 17212  - [39m07/19/2026, 10:17:26 PM [32m    LOG[39m [38;5;3m[InstanceLoader] [39m[32mDiscoveryModule dependencies initialized[39m[38;5;3m +1ms[39m
[32m[Nest] 17212  - [39m07/19/2026, 10:17:26 PM [32m    LOG[39m [38;5;3m[InstanceLoader] [39m[32mBullBoardFeatureModule dependencies initialized[39m[38;5;3m +1ms[39m
[32m[Nest] 17212  - [39m07/19/2026, 10:17:26 PM [32m    LOG[39m [38;5;3m[InstanceLoader] [39m[32mConfigModule dependencies initialized[39m[38;5;3m +0ms[39m
[32m[Nest] 17212  - [39m07/19/2026, 10:17:26 PM [32m    LOG[39m [38;5;3m[InstanceLoader] [39m[32mBullModule dependencies initialized[39m[38;5;3m +5ms[39m
[32m[Nest] 17212  - [39m07/19/2026, 10:17:26 PM [32m    LOG[39m [38;5;3m[InstanceLoader] [39m[32mBullModule dependencies initialized[39m[38;5;3m +1ms[39m
[32m[Nest] 17212  - [39m07/19/2026, 10:17:26 PM [32m    LOG[39m [38;5;3m[InstanceLoader] [39m[32mTypeOrmCoreModule dependencies initialized[39m[38;5;3m +216ms[39m
[32m[Nest] 17212  - [39m07/19/2026, 10:17:26 PM [32m    LOG[39m [38;5;3m[InstanceLoader] [39m[32mTypeOrmModule dependencies initialized[39m[38;5;3m +0ms[39m
[32m[Nest] 17212  - [39m07/19/2026, 10:17:26 PM [32m    LOG[39m [38;5;3m[InstanceLoader] [39m[32mTypeOrmModule dependencies initialized[39m[38;5;3m +0ms[39m
[32m[Nest] 17212  - [39m07/19/2026, 10:17:26 PM [32m    LOG[39m [38;5;3m[InstanceLoader] [39m[32mTypeOrmModule dependencies initialized[39m[38;5;3m +0ms[39m
[32m[Nest] 17212  - [39m07/19/2026, 10:17:26 PM [32m    LOG[39m [38;5;3m[InstanceLoader] [39m[32mAuditModule dependencies initialized[39m[38;5;3m +0ms[39m
[32m[Nest] 17212  - [39m07/19/2026, 10:17:26 PM [32m    LOG[39m [38;5;3m[InstanceLoader] [39m[32mAppModule dependencies initialized[39m[38;5;3m +1ms[39m
[32m[Nest] 17212  - [39m07/19/2026, 10:17:26 PM [32m    LOG[39m [38;5;3m[InstanceLoader] [39m[32mAuthModule dependencies initialized[39m[38;5;3m +0ms[39m
[32m[Nest] 17212  - [39m07/19/2026, 10:17:26 PM [32m    LOG[39m [38;5;3m[InstanceLoader] [39m[32mUserModule dependencies initialized[39m[38;5;3m +0ms[39m
[32m[Nest] 17212  - [39m07/19/2026, 10:17:26 PM [32m    LOG[39m [38;5;3m[RoutesResolver] [39m[32mAppController {/}:[39m[38;5;3m +67ms[39m
[32m[Nest] 17212  - [39m07/19/2026, 10:17:26 PM [32m    LOG[39m [38;5;3m[RouterExplorer] [39m[32mMapped {/, GET} route[39m[38;5;3m +3ms[39m
[32m[Nest] 17212  - [39m07/19/2026, 10:17:26 PM [32m    LOG[39m [38;5;3m[RoutesResolver] [39m[32mAuthController {/auth}:[39m[38;5;3m +1ms[39m
[32m[Nest] 17212  - [39m07/19/2026, 10:17:26 PM [32m    LOG[39m [38;5;3m[RouterExplorer] [39m[32mMapped {/auth/register, POST} route[39m[38;5;3m +0ms[39m
[32m[Nest] 17212  - [39m07/19/2026, 10:17:26 PM [32m    LOG[39m [38;5;3m[RouterExplorer] [39m[32mMapped {/auth/login, POST} route[39m[38;5;3m +1ms[39m
[32m[Nest] 17212  - [39m07/19/2026, 10:17:26 PM [32m    LOG[39m [38;5;3m[RouterExplorer] [39m[32mMapped {/auth/logout, POST} route[39m[38;5;3m +5ms[39m
[32m[Nest] 17212  - [39m07/19/2026, 10:17:26 PM [32m    LOG[39m [38;5;3m[RouterExplorer] [39m[32mMapped {/auth/refresh, POST} route[39m[38;5;3m +1ms[39m
[32m[Nest] 17212  - [39m07/19/2026, 10:17:26 PM [32m    LOG[39m [38;5;3m[RoutesResolver] [39m[32mUserController {/user}:[39m[38;5;3m +0ms[39m
[32m[Nest] 17212  - [39m07/19/2026, 10:17:26 PM [32m    LOG[39m [38;5;3m[RouterExplorer] [39m[32mMapped {/user/profile, GET} route[39m[38;5;3m +1ms[39m
[32m[Nest] 17212  - [39m07/19/2026, 10:17:26 PM [32m    LOG[39m [38;5;3m[RoutesResolver] [39m[32mAuditController {/audits}:[39m[38;5;3m +0ms[39m
[32m[Nest] 17212  - [39m07/19/2026, 10:17:26 PM [32m    LOG[39m [38;5;3m[RouterExplorer] [39m[32mMapped {/audits, POST} route[39m[38;5;3m +0ms[39m
[32m[Nest] 17212  - [39m07/19/2026, 10:17:26 PM [32m    LOG[39m [38;5;3m[RouterExplorer] [39m[32mMapped {/audits, GET} route[39m[38;5;3m +1ms[39m
[32m[Nest] 17212  - [39m07/19/2026, 10:17:26 PM [32m    LOG[39m [38;5;3m[RouterExplorer] [39m[32mMapped {/audits/:id/result, GET} route[39m[38;5;3m +0ms[39m
[32m[Nest] 17212  - [39m07/19/2026, 10:17:26 PM [32m    LOG[39m [38;5;3m[RouterExplorer] [39m[32mMapped {/audits/:id/export, GET} route[39m[38;5;3m +1ms[39m
[32m[Nest] 17212  - [39m07/19/2026, 10:17:26 PM [32m    LOG[39m [38;5;3m[NestApplication] [39m[32mNest application successfully started[39m[38;5;3m +8ms[39m
Client connected: _XmPSKXX6q_iPlyJAAAB
Client disconnected: _XmPSKXX6q_iPlyJAAAB
Client connected: vfu-ojyQ7NolE_mYAAAE
Client connected: P9D9gbsk49eOZK64AAAH
Client disconnected: P9D9gbsk49eOZK64AAAH
Client disconnected: vfu-ojyQ7NolE_mYAAAE
Client connected: NxQBmNTMC8uBVK0fAAAM
Client connected: m6hi21sqa2iBmQniAAAN
[32m[Nest] 17212  - [39m07/19/2026, 10:38:44 PM [32m    LOG[39m [38;5;3m[AuditController] [39m[32mReceived audit request for URL: https://tranthaifood.vn[39m
[95m[Nest] 17212  - [39m07/19/2026, 10:38:44 PM [95m  DEBUG[39m [38;5;3m[AuditController] [39m[95mUser ID 458d96ea-10ed-45ab-8d4b-5013e85eb35b from token not found in database, treating as anonymous[39m
[32m[Nest] 17212  - [39m07/19/2026, 10:38:44 PM [32m    LOG[39m [38;5;3m[AuditController] [39m[32mCreated audit record in DB with ID: 3ac0f376-134c-400d-9ded-a108f3f8e0d9[39m
[32m[Nest] 17212  - [39m07/19/2026, 10:38:45 PM [32m    LOG[39m [38;5;3m[AuditController] [39m[32mAdded audit job 3ac0f376-134c-400d-9ded-a108f3f8e0d9 to queue[39m
[95m[Nest] 17212  - [39m07/19/2026, 10:38:45 PM [95m  DEBUG[39m [38;5;3m[QueueEventsListener] [39m[95m[QueueEvents] Progress received for Job 71, Audit 3ac0f376-134c-400d-9ded-a108f3f8e0d9 - Step: crawling[39m
[95m[Nest] 17212  - [39m07/19/2026, 10:39:57 PM [95m  DEBUG[39m [38;5;3m[QueueEventsListener] [39m[95m[QueueEvents] Progress received for Job 71, Audit 3ac0f376-134c-400d-9ded-a108f3f8e0d9 - Step: crawled[39m
[95m[Nest] 17212  - [39m07/19/2026, 10:39:58 PM [95m  DEBUG[39m [38;5;3m[QueueEventsListener] [39m[95m[QueueEvents] Progress received for Job 71, Audit 3ac0f376-134c-400d-9ded-a108f3f8e0d9 - Step: analyzed[39m
[95m[Nest] 17212  - [39m07/19/2026, 10:40:01 PM [95m  DEBUG[39m [38;5;3m[QueueEventsListener] [39m[95m[QueueEvents] Progress received for Job 71, Audit 3ac0f376-134c-400d-9ded-a108f3f8e0d9 - Step: summarized[39m
[95m[Nest] 17212  - [39m07/19/2026, 10:40:01 PM [95m  DEBUG[39m [38;5;3m[QueueEventsListener] [39m[95m[QueueEvents] Progress received for Job 71, Audit 3ac0f376-134c-400d-9ded-a108f3f8e0d9 - Step: completed[39m
[95m[Nest] 17212  - [39m07/19/2026, 10:40:07 PM [95m  DEBUG[39m [38;5;3m[QueueEventsListener] [39m[95m[QueueEvents] Progress received for Job 71, Audit 3ac0f376-134c-400d-9ded-a108f3f8e0d9 - Step: crawling[39m
[95m[Nest] 17212  - [39m07/19/2026, 10:40:31 PM [95m  DEBUG[39m [38;5;3m[QueueEventsListener] [39m[95m[QueueEvents] Progress received for Job 71, Audit 3ac0f376-134c-400d-9ded-a108f3f8e0d9 - Step: crawled[39m
[95m[Nest] 17212  - [39m07/19/2026, 10:40:31 PM [95m  DEBUG[39m [38;5;3m[QueueEventsListener] [39m[95m[QueueEvents] Progress received for Job 71, Audit 3ac0f376-134c-400d-9ded-a108f3f8e0d9 - Step: analyzed[39m
[95m[Nest] 17212  - [39m07/19/2026, 10:40:34 PM [95m  DEBUG[39m [38;5;3m[QueueEventsListener] [39m[95m[QueueEvents] Progress received for Job 71, Audit 3ac0f376-134c-400d-9ded-a108f3f8e0d9 - Step: summarized[39m
[95m[Nest] 17212  - [39m07/19/2026, 10:40:34 PM [95m  DEBUG[39m [38;5;3m[QueueEventsListener] [39m[95m[QueueEvents] Progress received for Job 71, Audit 3ac0f376-134c-400d-9ded-a108f3f8e0d9 - Step: failed[39m
[95m[Nest] 17212  - [39m07/19/2026, 10:40:40 PM [95m  DEBUG[39m [38;5;3m[QueueEventsListener] [39m[95m[QueueEvents] Progress received for Job 71, Audit 3ac0f376-134c-400d-9ded-a108f3f8e0d9 - Step: crawling[39m
Client disconnected: m6hi21sqa2iBmQniAAAN
[95m[Nest] 17212  - [39m07/19/2026, 10:41:18 PM [95m  DEBUG[39m [38;5;3m[QueueEventsListener] [39m[95m[QueueEvents] Progress received for Job 71, Audit 3ac0f376-134c-400d-9ded-a108f3f8e0d9 - Step: crawled[39m
[95m[Nest] 17212  - [39m07/19/2026, 10:41:19 PM [95m  DEBUG[39m [38;5;3m[QueueEventsListener] [39m[95m[QueueEvents] Progress received for Job 71, Audit 3ac0f376-134c-400d-9ded-a108f3f8e0d9 - Step: analyzed[39m
[95m[Nest] 17212  - [39m07/19/2026, 10:41:22 PM [95m  DEBUG[39m [38;5;3m[QueueEventsListener] [39m[95m[QueueEvents] Progress received for Job 71, Audit 3ac0f376-134c-400d-9ded-a108f3f8e0d9 - Step: summarized[39m
[95m[Nest] 17212  - [39m07/19/2026, 10:41:22 PM [95m  DEBUG[39m [38;5;3m[QueueEventsListener] [39m[95m[QueueEvents] Progress received for Job 71, Audit 3ac0f376-134c-400d-9ded-a108f3f8e0d9 - Step: failed[39m
[95m[Nest] 17212  - [39m07/19/2026, 10:41:32 PM [95m  DEBUG[39m [38;5;3m[QueueEventsListener] [39m[95m[QueueEvents] Progress received for Job 71, Audit 3ac0f376-134c-400d-9ded-a108f3f8e0d9 - Step: crawling[39m
[95m[Nest] 17212  - [39m07/19/2026, 10:42:20 PM [95m  DEBUG[39m [38;5;3m[QueueEventsListener] [39m[95m[QueueEvents] Progress received for Job 71, Audit 3ac0f376-134c-400d-9ded-a108f3f8e0d9 - Step: crawled[39m
[95m[Nest] 17212  - [39m07/19/2026, 10:42:20 PM [95m  DEBUG[39m [38;5;3m[QueueEventsListener] [39m[95m[QueueEvents] Progress received for Job 71, Audit 3ac0f376-134c-400d-9ded-a108f3f8e0d9 - Step: analyzed[39m
[95m[Nest] 17212  - [39m07/19/2026, 10:42:24 PM [95m  DEBUG[39m [38;5;3m[QueueEventsListener] [39m[95m[QueueEvents] Progress received for Job 71, Audit 3ac0f376-134c-400d-9ded-a108f3f8e0d9 - Step: summarized[39m
[95m[Nest] 17212  - [39m07/19/2026, 10:42:24 PM [95m  DEBUG[39m [38;5;3m[QueueEventsListener] [39m[95m[QueueEvents] Progress received for Job 71, Audit 3ac0f376-134c-400d-9ded-a108f3f8e0d9 - Step: failed[39m
Client disconnected: NxQBmNTMC8uBVK0fAAAM
Client connected: mvy9xJ5axY8GLmt1AAAP
Client disconnected: mvy9xJ5axY8GLmt1AAAP
Client connected: kUGYC88PP-MLMytJAAAR
Client disconnected: kUGYC88PP-MLMytJAAAR
Client connected: r4vuVRveXpHKcJ-lAAAU
[32m[Nest] 17212  - [39m07/20/2026, 12:57:32 AM [32m    LOG[39m [38;5;3m[AuditController] [39m[32mReceived audit request for URL: https://tranthaifood.vn[39m
[95m[Nest] 17212  - [39m07/20/2026, 12:57:32 AM [95m  DEBUG[39m [38;5;3m[AuditController] [39m[95mUser ID 458d96ea-10ed-45ab-8d4b-5013e85eb35b from token not found in database, treating as anonymous[39m
[32m[Nest] 17212  - [39m07/20/2026, 12:57:32 AM [32m    LOG[39m [38;5;3m[AuditController] [39m[32mCreated audit record in DB with ID: a3e6d9fd-cb19-4b1f-a229-4fcf3f8466f7[39m
[32m[Nest] 17212  - [39m07/20/2026, 12:57:32 AM [32m    LOG[39m [38;5;3m[AuditController] [39m[32mAdded audit job a3e6d9fd-cb19-4b1f-a229-4fcf3f8466f7 to queue[39m
[95m[Nest] 17212  - [39m07/20/2026, 12:57:32 AM [95m  DEBUG[39m [38;5;3m[QueueEventsListener] [39m[95m[QueueEvents] Progress received for Job 72, Audit a3e6d9fd-cb19-4b1f-a229-4fcf3f8466f7 - Step: crawling[39m
[32m[Nest] 17212  - [39m07/20/2026, 12:57:34 AM [32m    LOG[39m [38;5;3m[AuditController] [39m[32mReceived audit request for URL: https://tranthaifood.vn[39m
[95m[Nest] 17212  - [39m07/20/2026, 12:57:34 AM [95m  DEBUG[39m [38;5;3m[AuditController] [39m[95mUser ID 458d96ea-10ed-45ab-8d4b-5013e85eb35b from token not found in database, treating as anonymous[39m
[32m[Nest] 17212  - [39m07/20/2026, 12:57:34 AM [32m    LOG[39m [38;5;3m[AuditController] [39m[32mCreated audit record in DB with ID: 41313c55-cfa7-4b80-8470-b88efecd8756[39m
[32m[Nest] 17212  - [39m07/20/2026, 12:57:34 AM [32m    LOG[39m [38;5;3m[AuditController] [39m[32mAdded audit job 41313c55-cfa7-4b80-8470-b88efecd8756 to queue[39m
[95m[Nest] 17212  - [39m07/20/2026, 12:57:34 AM [95m  DEBUG[39m [38;5;3m[QueueEventsListener] [39m[95m[QueueEvents] Progress received for Job 73, Audit 41313c55-cfa7-4b80-8470-b88efecd8756 - Step: crawling[39m
[32m[Nest] 17212  - [39m07/20/2026, 12:57:40 AM [32m    LOG[39m [38;5;3m[AuditController] [39m[32mReceived audit request for URL: https://tranthaifood.vn[39m
[95m[Nest] 17212  - [39m07/20/2026, 12:57:40 AM [95m  DEBUG[39m [38;5;3m[AuditController] [39m[95mUser ID 458d96ea-10ed-45ab-8d4b-5013e85eb35b from token not found in database, treating as anonymous[39m
[32m[Nest] 17212  - [39m07/20/2026, 12:57:40 AM [32m    LOG[39m [38;5;3m[AuditController] [39m[32mCreated audit record in DB with ID: 39a5de2d-e789-47ac-b191-50d6e84891cd[39m
[32m[Nest] 17212  - [39m07/20/2026, 12:57:40 AM [32m    LOG[39m [38;5;3m[AuditController] [39m[32mAdded audit job 39a5de2d-e789-47ac-b191-50d6e84891cd to queue[39m
[95m[Nest] 17212  - [39m07/20/2026, 12:57:40 AM [95m  DEBUG[39m [38;5;3m[QueueEventsListener] [39m[95m[QueueEvents] Progress received for Job 74, Audit 39a5de2d-e789-47ac-b191-50d6e84891cd - Step: crawling[39m
[32m[Nest] 17212  - [39m07/20/2026, 12:57:44 AM [32m    LOG[39m [38;5;3m[AuditController] [39m[32mReceived audit request for URL: https://tranthaifood.vn[39m
[95m[Nest] 17212  - [39m07/20/2026, 12:57:44 AM [95m  DEBUG[39m [38;5;3m[AuditController] [39m[95mUser ID 458d96ea-10ed-45ab-8d4b-5013e85eb35b from token not found in database, treating as anonymous[39m
[32m[Nest] 17212  - [39m07/20/2026, 12:57:44 AM [32m    LOG[39m [38;5;3m[AuditController] [39m[32mCreated audit record in DB with ID: 042e6e7a-613d-449c-9ff8-546974283442[39m
[32m[Nest] 17212  - [39m07/20/2026, 12:57:44 AM [32m    LOG[39m [38;5;3m[AuditController] [39m[32mAdded audit job 042e6e7a-613d-449c-9ff8-546974283442 to queue[39m
[95m[Nest] 17212  - [39m07/20/2026, 12:57:44 AM [95m  DEBUG[39m [38;5;3m[QueueEventsListener] [39m[95m[QueueEvents] Progress received for Job 75, Audit 042e6e7a-613d-449c-9ff8-546974283442 - Step: crawling[39m
[2J[3J[H[[90m1:01:26 AM[0m] File change detected. Starting incremental compilation...

[[90m1:01:28 AM[0m] Found 0 errors. Watching for file changes.

[2J[3J[H[[90m1:01:28 AM[0m] File change detected. Starting incremental compilation...

[[90m1:01:30 AM[0m] Found 0 errors. Watching for file changes.

[2J[3J[H[[90m1:01:30 AM[0m] File change detected. Starting incremental compilation...

[[90m1:01:31 AM[0m] Found 0 errors. Watching for file changes.

[2J[3J[H[[90m1:01:34 AM[0m] File change detected. Starting incremental compilation...

[[90m1:01:35 AM[0m] Found 0 errors. Watching for file changes.

[2J[3J[H[[90m1:01:45 AM[0m] File change detected. Starting incremental compilation...

[[90m1:01:45 AM[0m] Found 0 errors. Watching for file changes.

[2J[3J[H[[90m1:01:47 AM[0m] File change detected. Starting incremental compilation...

[[90m1:01:47 AM[0m] Found 0 errors. Watching for file changes.

[2J[3J[H[[90m1:01:58 AM[0m] File change detected. Starting incremental compilation...

[[90m1:01:58 AM[0m] Found 0 errors. Watching for file changes.

[2J[3J[H[[90m1:01:59 AM[0m] File change detected. Starting incremental compilation...

[[90m1:01:59 AM[0m] Found 0 errors. Watching for file changes.

[2J[3J[H[[90m1:02:01 AM[0m] File change detected. Starting incremental compilation...

[[90m1:02:01 AM[0m] Found 0 errors. Watching for file changes.

[2J[3J[H[[90m1:02:05 AM[0m] File change detected. Starting incremental compilation...

[[90m1:02:05 AM[0m] Found 0 errors. Watching for file changes.

[2J[3J[H[[90m1:02:11 AM[0m] File change detected. Starting incremental compilation...

[[90m1:02:12 AM[0m] Found 0 errors. Watching for file changes.

[2J[3J[H[[90m1:02:15 AM[0m] File change detected. Starting incremental compilation...

[[90m1:02:16 AM[0m] Found 0 errors. Watching for file changes.

[2J[3J[H[[90m1:02:20 AM[0m] File change detected. Starting incremental compilation...

[[90m1:02:20 AM[0m] Found 0 errors. Watching for file changes.

[2J[3J[H[[90m1:02:21 AM[0m] File change detected. Starting incremental compilation...

[[90m1:02:21 AM[0m] Found 0 errors. Watching for file changes.

[2J[3J[H[[90m1:02:24 AM[0m] File change detected. Starting incremental compilation...

[[90m1:02:25 AM[0m] Found 0 errors. Watching for file changes.

[2J[3J[H[[90m1:02:27 AM[0m] File change detected. Starting incremental compilation...

[[90m1:02:28 AM[0m] Found 0 errors. Watching for file changes.

[2J[3J[H[[90m1:02:28 AM[0m] File change detected. Starting incremental compilation...

[[90m1:02:29 AM[0m] Found 0 errors. Watching for file changes.

[2J[3J[H[[90m1:02:31 AM[0m] File change detected. Starting incremental compilation...

[[90m1:02:32 AM[0m] Found 0 errors. Watching for file changes.

[2J[3J[H[[90m1:02:34 AM[0m] File change detected. Starting incremental compilation...

[[90m1:02:34 AM[0m] Found 0 errors. Watching for file changes.

[2J[3J[H[[90m1:02:40 AM[0m] File change detected. Starting incremental compilation...

[[90m1:02:40 AM[0m] Found 0 errors. Watching for file changes.

[2J[3J[H[[90m1:02:48 AM[0m] File change detected. Starting incremental compilation...

[[90m1:02:49 AM[0m] Found 0 errors. Watching for file changes.

[2J[3J[H[[90m1:02:49 AM[0m] File change detected. Starting incremental compilation...

[[90m1:02:50 AM[0m] Found 0 errors. Watching for file changes.

[2J[3J[H[[90m1:02:52 AM[0m] File change detected. Starting incremental compilation...

[[90m1:02:52 AM[0m] Found 0 errors. Watching for file changes.

[2J[3J[H[[90m1:02:53 AM[0m] File change detected. Starting incremental compilation...

[[90m1:02:54 AM[0m] Found 0 errors. Watching for file changes.

[2J[3J[H[[90m1:02:58 AM[0m] File change detected. Starting incremental compilation...

[[90m1:02:59 AM[0m] Found 0 errors. Watching for file changes.

[2J[3J[H[[90m1:03:04 AM[0m] File change detected. Starting incremental compilation...

[[90m1:03:05 AM[0m] Found 0 errors. Watching for file changes.

[2J[3J[H[[90m1:03:06 AM[0m] File change detected. Starting incremental compilation...

[[90m1:03:08 AM[0m] Found 0 errors. Watching for file changes.

[2J[3J[H[[90m1:03:14 AM[0m] File change detected. Starting incremental compilation...

[[90m1:03:15 AM[0m] Found 0 errors. Watching for file changes.

[2J[3J[H[[90m1:03:15 AM[0m] File change detected. Starting incremental compilation...

[[90m1:03:16 AM[0m] Found 0 errors. Watching for file changes.

[2J[3J[H[[90m1:03:17 AM[0m] File change detected. Starting incremental compilation...

[[90m1:03:19 AM[0m] Found 0 errors. Watching for file changes.

[2J[3J[H[[90m1:03:19 AM[0m] File change detected. Starting incremental compilation...

[[90m1:03:21 AM[0m] Found 0 errors. Watching for file changes.

[2J[3J[H[[90m1:03:22 AM[0m] File change detected. Starting incremental compilation...

[[90m1:03:23 AM[0m] Found 0 errors. Watching for file changes.

[32m[Nest] 4752  - [39m07/20/2026, 1:03:29 AM [32m    LOG[39m [38;5;3m[NestFactory] [39m[32mStarting Nest application...[39m
[2J[3J[H[[90m1:03:29 AM[0m] File change detected. Starting incremental compilation...

[[90m1:03:31 AM[0m] Found 0 errors. Watching for file changes.

[32m[Nest] 2484  - [39m07/20/2026, 1:03:35 AM [32m    LOG[39m [38;5;3m[NestFactory] [39m[32mStarting Nest application...[39m
[32m[Nest] 2484  - [39m07/20/2026, 1:03:39 AM [32m    LOG[39m [38;5;3m[InstanceLoader] [39m[32mTypeOrmModule dependencies initialized[39m[38;5;3m +3462ms[39m
[32m[Nest] 2484  - [39m07/20/2026, 1:03:39 AM [32m    LOG[39m [38;5;3m[InstanceLoader] [39m[32mBullModule dependencies initialized[39m[38;5;3m +0ms[39m
[32m[Nest] 2484  - [39m07/20/2026, 1:03:39 AM [32m    LOG[39m [38;5;3m[InstanceLoader] [39m[32mBullBoardModule dependencies initialized[39m[38;5;3m +0ms[39m
[32m[Nest] 2484  - [39m07/20/2026, 1:03:39 AM [32m    LOG[39m [38;5;3m[InstanceLoader] [39m[32mConfigHostModule dependencies initialized[39m[38;5;3m +1ms[39m
[32m[Nest] 2484  - [39m07/20/2026, 1:03:39 AM [32m    LOG[39m [38;5;3m[InstanceLoader] [39m[32mThrottlerModule dependencies initialized[39m[38;5;3m +0ms[39m
[32m[Nest] 2484  - [39m07/20/2026, 1:03:39 AM [32m    LOG[39m [38;5;3m[InstanceLoader] [39m[32mJwtModule dependencies initialized[39m[38;5;3m +0ms[39m
[32m[Nest] 2484  - [39m07/20/2026, 1:03:39 AM [32m    LOG[39m [38;5;3m[InstanceLoader] [39m[32mJwtModule dependencies initialized[39m[38;5;3m +1ms[39m
[32m[Nest] 2484  - [39m07/20/2026, 1:03:39 AM [32m    LOG[39m [38;5;3m[InstanceLoader] [39m[32mBullBoardRootModule dependencies initialized[39m[38;5;3m +0ms[39m
[32m[Nest] 2484  - [39m07/20/2026, 1:03:39 AM [32m    LOG[39m [38;5;3m[InstanceLoader] [39m[32mDiscoveryModule dependencies initialized[39m[38;5;3m +0ms[39m
[32m[Nest] 2484  - [39m07/20/2026, 1:03:39 AM [32m    LOG[39m [38;5;3m[InstanceLoader] [39m[32mBullBoardFeatureModule dependencies initialized[39m[38;5;3m +3ms[39m
[32m[Nest] 2484  - [39m07/20/2026, 1:03:39 AM [32m    LOG[39m [38;5;3m[InstanceLoader] [39m[32mConfigModule dependencies initialized[39m[38;5;3m +0ms[39m
[32m[Nest] 2484  - [39m07/20/2026, 1:03:39 AM [32m    LOG[39m [38;5;3m[InstanceLoader] [39m[32mBullModule dependencies initialized[39m[38;5;3m +5ms[39m
[32m[Nest] 2484  - [39m07/20/2026, 1:03:39 AM [32m    LOG[39m [38;5;3m[InstanceLoader] [39m[32mBullModule dependencies initialized[39m[38;5;3m +0ms[39m
[32m[Nest] 2484  - [39m07/20/2026, 1:03:39 AM [32m    LOG[39m [38;5;3m[InstanceLoader] [39m[32mTypeOrmCoreModule dependencies initialized[39m[38;5;3m +438ms[39m
[32m[Nest] 2484  - [39m07/20/2026, 1:03:39 AM [32m    LOG[39m [38;5;3m[InstanceLoader] [39m[32mTypeOrmModule dependencies initialized[39m[38;5;3m +0ms[39m
[32m[Nest] 2484  - [39m07/20/2026, 1:03:39 AM [32m    LOG[39m [38;5;3m[InstanceLoader] [39m[32mTypeOrmModule dependencies initialized[39m[38;5;3m +0ms[39m
[32m[Nest] 2484  - [39m07/20/2026, 1:03:39 AM [32m    LOG[39m [38;5;3m[InstanceLoader] [39m[32mTypeOrmModule dependencies initialized[39m[38;5;3m +0ms[39m
[32m[Nest] 2484  - [39m07/20/2026, 1:03:39 AM [32m    LOG[39m [38;5;3m[InstanceLoader] [39m[32mAuditModule dependencies initialized[39m[38;5;3m +1ms[39m
[32m[Nest] 2484  - [39m07/20/2026, 1:03:39 AM [32m    LOG[39m [38;5;3m[InstanceLoader] [39m[32mAppModule dependencies initialized[39m[38;5;3m +0ms[39m
[32m[Nest] 2484  - [39m07/20/2026, 1:03:39 AM [32m    LOG[39m [38;5;3m[InstanceLoader] [39m[32mAuthModule dependencies initialized[39m[38;5;3m +1ms[39m
[32m[Nest] 2484  - [39m07/20/2026, 1:03:39 AM [32m    LOG[39m [38;5;3m[InstanceLoader] [39m[32mUserModule dependencies initialized[39m[38;5;3m +0ms[39m
[2J[3J[H[[90m1:03:39 AM[0m] File change detected. Starting incremental compilation...

[[90m1:03:40 AM[0m] Found 0 errors. Watching for file changes.

[32m[Nest] 13436  - [39m07/20/2026, 1:03:44 AM [32m    LOG[39m [38;5;3m[NestFactory] [39m[32mStarting Nest application...[39m
[32m[Nest] 13436  - [39m07/20/2026, 1:03:44 AM [32m    LOG[39m [38;5;3m[InstanceLoader] [39m[32mTypeOrmModule dependencies initialized[39m[38;5;3m +179ms[39m
[32m[Nest] 13436  - [39m07/20/2026, 1:03:44 AM [32m    LOG[39m [38;5;3m[InstanceLoader] [39m[32mBullModule dependencies initialized[39m[38;5;3m +0ms[39m
[32m[Nest] 13436  - [39m07/20/2026, 1:03:44 AM [32m    LOG[39m [38;5;3m[InstanceLoader] [39m[32mBullBoardModule dependencies initialized[39m[38;5;3m +0ms[39m
[32m[Nest] 13436  - [39m07/20/2026, 1:03:44 AM [32m    LOG[39m [38;5;3m[InstanceLoader] [39m[32mConfigHostModule dependencies initialized[39m[38;5;3m +1ms[39m
[32m[Nest] 13436  - [39m07/20/2026, 1:03:44 AM [32m    LOG[39m [38;5;3m[InstanceLoader] [39m[32mThrottlerModule dependencies initialized[39m[38;5;3m +0ms[39m
[32m[Nest] 13436  - [39m07/20/2026, 1:03:44 AM [32m    LOG[39m [38;5;3m[InstanceLoader] [39m[32mJwtModule dependencies initialized[39m[38;5;3m +0ms[39m
[32m[Nest] 13436  - [39m07/20/2026, 1:03:44 AM [32m    LOG[39m [38;5;3m[InstanceLoader] [39m[32mJwtModule dependencies initialized[39m[38;5;3m +1ms[39m
[32m[Nest] 13436  - [39m07/20/2026, 1:03:44 AM [32m    LOG[39m [38;5;3m[InstanceLoader] [39m[32mBullBoardRootModule dependencies initialized[39m[38;5;3m +0ms[39m
[32m[Nest] 13436  - [39m07/20/2026, 1:03:44 AM [32m    LOG[39m [38;5;3m[InstanceLoader] [39m[32mDiscoveryModule dependencies initialized[39m[38;5;3m +0ms[39m
[32m[Nest] 13436  - [39m07/20/2026, 1:03:44 AM [32m    LOG[39m [38;5;3m[InstanceLoader] [39m[32mBullBoardFeatureModule dependencies initialized[39m[38;5;3m +1ms[39m
[32m[Nest] 13436  - [39m07/20/2026, 1:03:44 AM [32m    LOG[39m [38;5;3m[InstanceLoader] [39m[32mConfigModule dependencies initialized[39m[38;5;3m +0ms[39m
[32m[Nest] 13436  - [39m07/20/2026, 1:03:44 AM [32m    LOG[39m [38;5;3m[InstanceLoader] [39m[32mBullModule dependencies initialized[39m[38;5;3m +4ms[39m
[32m[Nest] 13436  - [39m07/20/2026, 1:03:44 AM [32m    LOG[39m [38;5;3m[InstanceLoader] [39m[32mBullModule dependencies initialized[39m[38;5;3m +1ms[39m
[32m[Nest] 13436  - [39m07/20/2026, 1:03:44 AM [32m    LOG[39m [38;5;3m[InstanceLoader] [39m[32mTypeOrmCoreModule dependencies initialized[39m[38;5;3m +222ms[39m
[32m[Nest] 13436  - [39m07/20/2026, 1:03:44 AM [32m    LOG[39m [38;5;3m[InstanceLoader] [39m[32mTypeOrmModule dependencies initialized[39m[38;5;3m +0ms[39m
[32m[Nest] 13436  - [39m07/20/2026, 1:03:44 AM [32m    LOG[39m [38;5;3m[InstanceLoader] [39m[32mTypeOrmModule dependencies initialized[39m[38;5;3m +0ms[39m
[32m[Nest] 13436  - [39m07/20/2026, 1:03:44 AM [32m    LOG[39m [38;5;3m[InstanceLoader] [39m[32mTypeOrmModule dependencies initialized[39m[38;5;3m +0ms[39m
[32m[Nest] 13436  - [39m07/20/2026, 1:03:44 AM [32m    LOG[39m [38;5;3m[InstanceLoader] [39m[32mAuditModule dependencies initialized[39m[38;5;3m +1ms[39m
[32m[Nest] 13436  - [39m07/20/2026, 1:03:44 AM [32m    LOG[39m [38;5;3m[InstanceLoader] [39m[32mAppModule dependencies initialized[39m[38;5;3m +0ms[39m
[32m[Nest] 13436  - [39m07/20/2026, 1:03:44 AM [32m    LOG[39m [38;5;3m[InstanceLoader] [39m[32mAuthModule dependencies initialized[39m[38;5;3m +1ms[39m
[32m[Nest] 13436  - [39m07/20/2026, 1:03:44 AM [32m    LOG[39m [38;5;3m[InstanceLoader] [39m[32mUserModule dependencies initialized[39m[38;5;3m +0ms[39m
[32m[Nest] 13436  - [39m07/20/2026, 1:03:46 AM [32m    LOG[39m [38;5;3m[RoutesResolver] [39m[32mAppController {/}:[39m[38;5;3m +2134ms[39m
[32m[Nest] 13436  - [39m07/20/2026, 1:03:46 AM [32m    LOG[39m [38;5;3m[RouterExplorer] [39m[32mMapped {/, GET} route[39m[38;5;3m +3ms[39m
[32m[Nest] 13436  - [39m07/20/2026, 1:03:46 AM [32m    LOG[39m [38;5;3m[RoutesResolver] [39m[32mAuthController {/auth}:[39m[38;5;3m +0ms[39m
[32m[Nest] 13436  - [39m07/20/2026, 1:03:46 AM [32m    LOG[39m [38;5;3m[RouterExplorer] [39m[32mMapped {/auth/register, POST} route[39m[38;5;3m +1ms[39m
[32m[Nest] 13436  - [39m07/20/2026, 1:03:46 AM [32m    LOG[39m [38;5;3m[RouterExplorer] [39m[32mMapped {/auth/login, POST} route[39m[38;5;3m +0ms[39m
[32m[Nest] 13436  - [39m07/20/2026, 1:03:46 AM [32m    LOG[39m [38;5;3m[RouterExplorer] [39m[32mMapped {/auth/logout, POST} route[39m[38;5;3m +1ms[39m
[32m[Nest] 13436  - [39m07/20/2026, 1:03:46 AM [32m    LOG[39m [38;5;3m[RouterExplorer] [39m[32mMapped {/auth/refresh, POST} route[39m[38;5;3m +5ms[39m
[32m[Nest] 13436  - [39m07/20/2026, 1:03:46 AM [32m    LOG[39m [38;5;3m[RoutesResolver] [39m[32mUserController {/user}:[39m[38;5;3m +1ms[39m
[32m[Nest] 13436  - [39m07/20/2026, 1:03:46 AM [32m    LOG[39m [38;5;3m[RouterExplorer] [39m[32mMapped {/user/profile, GET} route[39m[38;5;3m +0ms[39m
[32m[Nest] 13436  - [39m07/20/2026, 1:03:46 AM [32m    LOG[39m [38;5;3m[RoutesResolver] [39m[32mAuditController {/audits}:[39m[38;5;3m +0ms[39m
[32m[Nest] 13436  - [39m07/20/2026, 1:03:46 AM [32m    LOG[39m [38;5;3m[RouterExplorer] [39m[32mMapped {/audits, POST} route[39m[38;5;3m +1ms[39m
[32m[Nest] 13436  - [39m07/20/2026, 1:03:46 AM [32m    LOG[39m [38;5;3m[RouterExplorer] [39m[32mMapped {/audits, GET} route[39m[38;5;3m +1ms[39m
[32m[Nest] 13436  - [39m07/20/2026, 1:03:46 AM [32m    LOG[39m [38;5;3m[RouterExplorer] [39m[32mMapped {/audits/:id/result, GET} route[39m[38;5;3m +1ms[39m
[32m[Nest] 13436  - [39m07/20/2026, 1:03:46 AM [32m    LOG[39m [38;5;3m[RouterExplorer] [39m[32mMapped {/audits/:id/export, GET} route[39m[38;5;3m +0ms[39m
[32m[Nest] 13436  - [39m07/20/2026, 1:03:46 AM [32m    LOG[39m [38;5;3m[NestApplication] [39m[32mNest application successfully started[39m[38;5;3m +12ms[39m
Client connected: M1i9HG9zah5kIq_YAAAB
[2J[3J[H[[90m1:11:43 AM[0m] File change detected. Starting incremental compilation...

[[90m1:11:45 AM[0m] Found 0 errors. Watching for file changes.

[32m[Nest] 14776  - [39m07/20/2026, 1:11:48 AM [32m    LOG[39m [38;5;3m[NestFactory] [39m[32mStarting Nest application...[39m
[32m[Nest] 14776  - [39m07/20/2026, 1:11:48 AM [32m    LOG[39m [38;5;3m[InstanceLoader] [39m[32mTypeOrmModule dependencies initialized[39m[38;5;3m +148ms[39m
[32m[Nest] 14776  - [39m07/20/2026, 1:11:48 AM [32m    LOG[39m [38;5;3m[InstanceLoader] [39m[32mBullModule dependencies initialized[39m[38;5;3m +0ms[39m
[32m[Nest] 14776  - [39m07/20/2026, 1:11:48 AM [32m    LOG[39m [38;5;3m[InstanceLoader] [39m[32mBullBoardModule dependencies initialized[39m[38;5;3m +0ms[39m
[32m[Nest] 14776  - [39m07/20/2026, 1:11:48 AM [32m    LOG[39m [38;5;3m[InstanceLoader] [39m[32mConfigHostModule dependencies initialized[39m[38;5;3m +1ms[39m
[32m[Nest] 14776  - [39m07/20/2026, 1:11:48 AM [32m    LOG[39m [38;5;3m[InstanceLoader] [39m[32mThrottlerModule dependencies initialized[39m[38;5;3m +0ms[39m
[32m[Nest] 14776  - [39m07/20/2026, 1:11:48 AM [32m    LOG[39m [38;5;3m[InstanceLoader] [39m[32mJwtModule dependencies initialized[39m[38;5;3m +0ms[39m
[32m[Nest] 14776  - [39m07/20/2026, 1:11:48 AM [32m    LOG[39m [38;5;3m[InstanceLoader] [39m[32mJwtModule dependencies initialized[39m[38;5;3m +1ms[39m
[32m[Nest] 14776  - [39m07/20/2026, 1:11:48 AM [32m    LOG[39m [38;5;3m[InstanceLoader] [39m[32mBullBoardRootModule dependencies initialized[39m[38;5;3m +0ms[39m
[32m[Nest] 14776  - [39m07/20/2026, 1:11:48 AM [32m    LOG[39m [38;5;3m[InstanceLoader] [39m[32mDiscoveryModule dependencies initialized[39m[38;5;3m +1ms[39m
[32m[Nest] 14776  - [39m07/20/2026, 1:11:48 AM [32m    LOG[39m [38;5;3m[InstanceLoader] [39m[32mBullBoardFeatureModule dependencies initialized[39m[38;5;3m +0ms[39m
[32m[Nest] 14776  - [39m07/20/2026, 1:11:48 AM [32m    LOG[39m [38;5;3m[InstanceLoader] [39m[32mConfigModule dependencies initialized[39m[38;5;3m +0ms[39m
[32m[Nest] 14776  - [39m07/20/2026, 1:11:48 AM [32m    LOG[39m [38;5;3m[InstanceLoader] [39m[32mBullModule dependencies initialized[39m[38;5;3m +6ms[39m
[32m[Nest] 14776  - [39m07/20/2026, 1:11:48 AM [32m    LOG[39m [38;5;3m[InstanceLoader] [39m[32mBullModule dependencies initialized[39m[38;5;3m +0ms[39m
[32m[Nest] 14776  - [39m07/20/2026, 1:11:49 AM [32m    LOG[39m [38;5;3m[InstanceLoader] [39m[32mTypeOrmCoreModule dependencies initialized[39m[38;5;3m +207ms[39m
[32m[Nest] 14776  - [39m07/20/2026, 1:11:49 AM [32m    LOG[39m [38;5;3m[InstanceLoader] [39m[32mTypeOrmModule dependencies initialized[39m[38;5;3m +0ms[39m
[32m[Nest] 14776  - [39m07/20/2026, 1:11:49 AM [32m    LOG[39m [38;5;3m[InstanceLoader] [39m[32mTypeOrmModule dependencies initialized[39m[38;5;3m +0ms[39m
[32m[Nest] 14776  - [39m07/20/2026, 1:11:49 AM [32m    LOG[39m [38;5;3m[InstanceLoader] [39m[32mTypeOrmModule dependencies initialized[39m[38;5;3m +0ms[39m
[32m[Nest] 14776  - [39m07/20/2026, 1:11:49 AM [32m    LOG[39m [38;5;3m[InstanceLoader] [39m[32mAuditModule dependencies initialized[39m[38;5;3m +0ms[39m
[32m[Nest] 14776  - [39m07/20/2026, 1:11:49 AM [32m    LOG[39m [38;5;3m[InstanceLoader] [39m[32mAppModule dependencies initialized[39m[38;5;3m +1ms[39m
[32m[Nest] 14776  - [39m07/20/2026, 1:11:49 AM [32m    LOG[39m [38;5;3m[InstanceLoader] [39m[32mAuthModule dependencies initialized[39m[38;5;3m +0ms[39m
[32m[Nest] 14776  - [39m07/20/2026, 1:11:49 AM [32m    LOG[39m [38;5;3m[InstanceLoader] [39m[32mUserModule dependencies initialized[39m[38;5;3m +0ms[39m
[32m[Nest] 14776  - [39m07/20/2026, 1:11:49 AM [32m    LOG[39m [38;5;3m[RoutesResolver] [39m[32mAppController {/}:[39m[38;5;3m +60ms[39m
[32m[Nest] 14776  - [39m07/20/2026, 1:11:49 AM [32m    LOG[39m [38;5;3m[RouterExplorer] [39m[32mMapped {/, GET} route[39m[38;5;3m +3ms[39m
[32m[Nest] 14776  - [39m07/20/2026, 1:11:49 AM [32m    LOG[39m [38;5;3m[RoutesResolver] [39m[32mAuthController {/auth}:[39m[38;5;3m +1ms[39m
[32m[Nest] 14776  - [39m07/20/2026, 1:11:49 AM [32m    LOG[39m [38;5;3m[RouterExplorer] [39m[32mMapped {/auth/register, POST} route[39m[38;5;3m +1ms[39m
[32m[Nest] 14776  - [39m07/20/2026, 1:11:49 AM [32m    LOG[39m [38;5;3m[RouterExplorer] [39m[32mMapped {/auth/login, POST} route[39m[38;5;3m +0ms[39m
[32m[Nest] 14776  - [39m07/20/2026, 1:11:49 AM [32m    LOG[39m [38;5;3m[RouterExplorer] [39m[32mMapped {/auth/logout, POST} route[39m[38;5;3m +1ms[39m
[32m[Nest] 14776  - [39m07/20/2026, 1:11:49 AM [32m    LOG[39m [38;5;3m[RouterExplorer] [39m[32mMapped {/auth/refresh, POST} route[39m[38;5;3m +0ms[39m
[32m[Nest] 14776  - [39m07/20/2026, 1:11:49 AM [32m    LOG[39m [38;5;3m[RoutesResolver] [39m[32mUserController {/user}:[39m[38;5;3m +0ms[39m
[32m[Nest] 14776  - [39m07/20/2026, 1:11:49 AM [32m    LOG[39m [38;5;3m[RouterExplorer] [39m[32mMapped {/user/profile, GET} route[39m[38;5;3m +1ms[39m
[32m[Nest] 14776  - [39m07/20/2026, 1:11:49 AM [32m    LOG[39m [38;5;3m[RoutesResolver] [39m[32mAuditController {/audits}:[39m[38;5;3m +0ms[39m
[32m[Nest] 14776  - [39m07/20/2026, 1:11:49 AM [32m    LOG[39m [38;5;3m[RouterExplorer] [39m[32mMapped {/audits, POST} route[39m[38;5;3m +0ms[39m
[32m[Nest] 14776  - [39m07/20/2026, 1:11:49 AM [32m    LOG[39m [38;5;3m[RouterExplorer] [39m[32mMapped {/audits, GET} route[39m[38;5;3m +1ms[39m
[32m[Nest] 14776  - [39m07/20/2026, 1:11:49 AM [32m    LOG[39m [38;5;3m[RouterExplorer] [39m[32mMapped {/audits/:id/result, GET} route[39m[38;5;3m +0ms[39m
[32m[Nest] 14776  - [39m07/20/2026, 1:11:49 AM [32m    LOG[39m [38;5;3m[RouterExplorer] [39m[32mMapped {/audits/:id/export, GET} route[39m[38;5;3m +1ms[39m
[32m[Nest] 14776  - [39m07/20/2026, 1:11:49 AM [32m    LOG[39m [38;5;3m[NestApplication] [39m[32mNest application successfully started[39m[38;5;3m +10ms[39m
Client connected: FHuv8yp---53N9geAAAB
[2J[3J[H[[90m1:11:56 AM[0m] File change detected. Starting incremental compilation...

[[90m1:11:57 AM[0m] Found 0 errors. Watching for file changes.

[32m[Nest] 19796  - [39m07/20/2026, 1:12:01 AM [32m    LOG[39m [38;5;3m[NestFactory] [39m[32mStarting Nest application...[39m
[32m[Nest] 19796  - [39m07/20/2026, 1:12:01 AM [32m    LOG[39m [38;5;3m[InstanceLoader] [39m[32mTypeOrmModule dependencies initialized[39m[38;5;3m +218ms[39m
[32m[Nest] 19796  - [39m07/20/2026, 1:12:01 AM [32m    LOG[39m [38;5;3m[InstanceLoader] [39m[32mBullModule dependencies initialized[39m[38;5;3m +0ms[39m
[32m[Nest] 19796  - [39m07/20/2026, 1:12:01 AM [32m    LOG[39m [38;5;3m[InstanceLoader] [39m[32mBullBoardModule dependencies initialized[39m[38;5;3m +1ms[39m
[32m[Nest] 19796  - [39m07/20/2026, 1:12:01 AM [32m    LOG[39m [38;5;3m[InstanceLoader] [39m[32mConfigHostModule dependencies initialized[39m[38;5;3m +0ms[39m
[32m[Nest] 19796  - [39m07/20/2026, 1:12:01 AM [32m    LOG[39m [38;5;3m[InstanceLoader] [39m[32mThrottlerModule dependencies initialized[39m[38;5;3m +0ms[39m
[32m[Nest] 19796  - [39m07/20/2026, 1:12:01 AM [32m    LOG[39m [38;5;3m[InstanceLoader] [39m[32mJwtModule dependencies initialized[39m[38;5;3m +0ms[39m
[32m[Nest] 19796  - [39m07/20/2026, 1:12:01 AM [32m    LOG[39m [38;5;3m[InstanceLoader] [39m[32mJwtModule dependencies initialized[39m[38;5;3m +1ms[39m
[32m[Nest] 19796  - [39m07/20/2026, 1:12:01 AM [32m    LOG[39m [38;5;3m[InstanceLoader] [39m[32mBullBoardRootModule dependencies initialized[39m[38;5;3m +0ms[39m
[32m[Nest] 19796  - [39m07/20/2026, 1:12:01 AM [32m    LOG[39m [38;5;3m[InstanceLoader] [39m[32mDiscoveryModule dependencies initialized[39m[38;5;3m +1ms[39m
[32m[Nest] 19796  - [39m07/20/2026, 1:12:01 AM [32m    LOG[39m [38;5;3m[InstanceLoader] [39m[32mBullBoardFeatureModule dependencies initialized[39m[38;5;3m +1ms[39m
[32m[Nest] 19796  - [39m07/20/2026, 1:12:01 AM [32m    LOG[39m [38;5;3m[InstanceLoader] [39m[32mConfigModule dependencies initialized[39m[38;5;3m +0ms[39m
[32m[Nest] 19796  - [39m07/20/2026, 1:12:01 AM [32m    LOG[39m [38;5;3m[InstanceLoader] [39m[32mBullModule dependencies initialized[39m[38;5;3m +5ms[39m
[32m[Nest] 19796  - [39m07/20/2026, 1:12:01 AM [32m    LOG[39m [38;5;3m[InstanceLoader] [39m[32mBullModule dependencies initialized[39m[38;5;3m +1ms[39m
[32m[Nest] 19796  - [39m07/20/2026, 1:12:01 AM [32m    LOG[39m [38;5;3m[InstanceLoader] [39m[32mTypeOrmCoreModule dependencies initialized[39m[38;5;3m +244ms[39m
[32m[Nest] 19796  - [39m07/20/2026, 1:12:01 AM [32m    LOG[39m [38;5;3m[InstanceLoader] [39m[32mTypeOrmModule dependencies initialized[39m[38;5;3m +1ms[39m
[32m[Nest] 19796  - [39m07/20/2026, 1:12:01 AM [32m    LOG[39m [38;5;3m[InstanceLoader] [39m[32mTypeOrmModule dependencies initialized[39m[38;5;3m +0ms[39m
[32m[Nest] 19796  - [39m07/20/2026, 1:12:01 AM [32m    LOG[39m [38;5;3m[InstanceLoader] [39m[32mTypeOrmModule dependencies initialized[39m[38;5;3m +0ms[39m
[32m[Nest] 19796  - [39m07/20/2026, 1:12:01 AM [32m    LOG[39m [38;5;3m[InstanceLoader] [39m[32mAuditModule dependencies initialized[39m[38;5;3m +0ms[39m
[32m[Nest] 19796  - [39m07/20/2026, 1:12:01 AM [32m    LOG[39m [38;5;3m[InstanceLoader] [39m[32mAppModule dependencies initialized[39m[38;5;3m +0ms[39m
[32m[Nest] 19796  - [39m07/20/2026, 1:12:01 AM [32m    LOG[39m [38;5;3m[InstanceLoader] [39m[32mAuthModule dependencies initialized[39m[38;5;3m +1ms[39m
[32m[Nest] 19796  - [39m07/20/2026, 1:12:01 AM [32m    LOG[39m [38;5;3m[InstanceLoader] [39m[32mUserModule dependencies initialized[39m[38;5;3m +0ms[39m
[32m[Nest] 19796  - [39m07/20/2026, 1:12:01 AM [32m    LOG[39m [38;5;3m[RoutesResolver] [39m[32mAppController {/}:[39m[38;5;3m +50ms[39m
[32m[Nest] 19796  - [39m07/20/2026, 1:12:01 AM [32m    LOG[39m [38;5;3m[RouterExplorer] [39m[32mMapped {/, GET} route[39m[38;5;3m +2ms[39m
[32m[Nest] 19796  - [39m07/20/2026, 1:12:01 AM [32m    LOG[39m [38;5;3m[RoutesResolver] [39m[32mAuthController {/auth}:[39m[38;5;3m +1ms[39m
[32m[Nest] 19796  - [39m07/20/2026, 1:12:01 AM [32m    LOG[39m [38;5;3m[RouterExplorer] [39m[32mMapped {/auth/register, POST} route[39m[38;5;3m +1ms[39m
[32m[Nest] 19796  - [39m07/20/2026, 1:12:01 AM [32m    LOG[39m [38;5;3m[RouterExplorer] [39m[32mMapped {/auth/login, POST} route[39m[38;5;3m +0ms[39m
[32m[Nest] 19796  - [39m07/20/2026, 1:12:01 AM [32m    LOG[39m [38;5;3m[RouterExplorer] [39m[32mMapped {/auth/logout, POST} route[39m[38;5;3m +1ms[39m
[32m[Nest] 19796  - [39m07/20/2026, 1:12:01 AM [32m    LOG[39m [38;5;3m[RouterExplorer] [39m[32mMapped {/auth/refresh, POST} route[39m[38;5;3m +0ms[39m
[32m[Nest] 19796  - [39m07/20/2026, 1:12:01 AM [32m    LOG[39m [38;5;3m[RoutesResolver] [39m[32mUserController {/user}:[39m[38;5;3m +1ms[39m
[32m[Nest] 19796  - [39m07/20/2026, 1:12:01 AM [32m    LOG[39m [38;5;3m[RouterExplorer] [39m[32mMapped {/user/profile, GET} route[39m[38;5;3m +0ms[39m
[32m[Nest] 19796  - [39m07/20/2026, 1:12:01 AM [32m    LOG[39m [38;5;3m[RoutesResolver] [39m[32mAuditController {/audits}:[39m[38;5;3m +0ms[39m
[32m[Nest] 19796  - [39m07/20/2026, 1:12:01 AM [32m    LOG[39m [38;5;3m[RouterExplorer] [39m[32mMapped {/audits, POST} route[39m[38;5;3m +1ms[39m
[32m[Nest] 19796  - [39m07/20/2026, 1:12:01 AM [32m    LOG[39m [38;5;3m[RouterExplorer] [39m[32mMapped {/audits, GET} route[39m[38;5;3m +0ms[39m
[32m[Nest] 19796  - [39m07/20/2026, 1:12:01 AM [32m    LOG[39m [38;5;3m[RouterExplorer] [39m[32mMapped {/audits/:id/result, GET} route[39m[38;5;3m +4ms[39m
[32m[Nest] 19796  - [39m07/20/2026, 1:12:01 AM [32m    LOG[39m [38;5;3m[RouterExplorer] [39m[32mMapped {/audits/:id/export, GET} route[39m[38;5;3m +1ms[39m
[32m[Nest] 19796  - [39m07/20/2026, 1:12:01 AM [32m    LOG[39m [38;5;3m[NestApplication] [39m[32mNest application successfully started[39m[38;5;3m +6ms[39m
Client connected: ygtXpsqbzBzXgzrAAAAB
[2J[3J[H[[90m1:12:16 AM[0m] File change detected. Starting incremental compilation...

[[90m1:12:16 AM[0m] Found 0 errors. Watching for file changes.

[2J[3J[H[[90m1:12:17 AM[0m] File change detected. Starting incremental compilation...

[[90m1:12:18 AM[0m] Found 0 errors. Watching for file changes.

node:internal/modules/cjs/loader:1386
  throw err;
  ^

Error: Cannot find module 'D:\_WebLens\weblens-backend\apps\api\dist\main'
    at Function._resolveFilename (node:internal/modules/cjs/loader:1383:15)
    at defaultResolveImpl (node:internal/modules/cjs/loader:1025:19)
    at resolveForCJSWithHooks (node:internal/modules/cjs/loader:1030:22)
    at Function._load (node:internal/modules/cjs/loader:1192:37)
    at TracingChannel.traceSync (node:diagnostics_channel:322:14)
    at wrapModuleLoad (node:internal/modules/cjs/loader:237:24)
    at Function.executeUserEntryPoint [as runMain] (node:internal/modules/run_main:171:5)
    at node:internal/main/run_main_module:36:49 {
  code: 'MODULE_NOT_FOUND',
  requireStack: []
}

Node.js v22.19.0
[2J[3J[H[[90m1:12:18 AM[0m] File change detected. Starting incremental compilation...

[2J[3J[H[[90m1:12:39 AM[0m] File change detected. Starting incremental compilation...

[[90m1:12:43 AM[0m] Found 0 errors. Watching for file changes.

[32m[Nest] 5184  - [39m07/20/2026, 1:12:45 AM [32m    LOG[39m [38;5;3m[NestFactory] [39m[32mStarting Nest application...[39m
[32m[Nest] 5184  - [39m07/20/2026, 1:12:46 AM [32m    LOG[39m [38;5;3m[InstanceLoader] [39m[32mTypeOrmModule dependencies initialized[39m[38;5;3m +255ms[39m
[32m[Nest] 5184  - [39m07/20/2026, 1:12:46 AM [32m    LOG[39m [38;5;3m[InstanceLoader] [39m[32mBullModule dependencies initialized[39m[38;5;3m +0ms[39m
[32m[Nest] 5184  - [39m07/20/2026, 1:12:46 AM [32m    LOG[39m [38;5;3m[InstanceLoader] [39m[32mBullBoardModule dependencies initialized[39m[38;5;3m +1ms[39m
[32m[Nest] 5184  - [39m07/20/2026, 1:12:46 AM [32m    LOG[39m [38;5;3m[InstanceLoader] [39m[32mConfigHostModule dependencies initialized[39m[38;5;3m +0ms[39m
[32m[Nest] 5184  - [39m07/20/2026, 1:12:46 AM [32m    LOG[39m [38;5;3m[InstanceLoader] [39m[32mThrottlerModule dependencies initialized[39m[38;5;3m +1ms[39m
[32m[Nest] 5184  - [39m07/20/2026, 1:12:46 AM [32m    LOG[39m [38;5;3m[InstanceLoader] [39m[32mJwtModule dependencies initialized[39m[38;5;3m +0ms[39m
[32m[Nest] 5184  - [39m07/20/2026, 1:12:46 AM [32m    LOG[39m [38;5;3m[InstanceLoader] [39m[32mJwtModule dependencies initialized[39m[38;5;3m +0ms[39m
[32m[Nest] 5184  - [39m07/20/2026, 1:12:46 AM [32m    LOG[39m [38;5;3m[InstanceLoader] [39m[32mBullBoardRootModule dependencies initialized[39m[38;5;3m +1ms[39m
[32m[Nest] 5184  - [39m07/20/2026, 1:12:46 AM [32m    LOG[39m [38;5;3m[InstanceLoader] [39m[32mDiscoveryModule dependencies initialized[39m[38;5;3m +0ms[39m
[32m[Nest] 5184  - [39m07/20/2026, 1:12:46 AM [32m    LOG[39m [38;5;3m[InstanceLoader] [39m[32mBullBoardFeatureModule dependencies initialized[39m[38;5;3m +1ms[39m
[32m[Nest] 5184  - [39m07/20/2026, 1:12:46 AM [32m    LOG[39m [38;5;3m[InstanceLoader] [39m[32mConfigModule dependencies initialized[39m[38;5;3m +0ms[39m
[32m[Nest] 5184  - [39m07/20/2026, 1:12:46 AM [32m    LOG[39m [38;5;3m[InstanceLoader] [39m[32mBullModule dependencies initialized[39m[38;5;3m +21ms[39m
[32m[Nest] 5184  - [39m07/20/2026, 1:12:46 AM [32m    LOG[39m [38;5;3m[InstanceLoader] [39m[32mBullModule dependencies initialized[39m[38;5;3m +3ms[39m
[32m[Nest] 5184  - [39m07/20/2026, 1:12:46 AM [32m    LOG[39m [38;5;3m[InstanceLoader] [39m[32mTypeOrmCoreModule dependencies initialized[39m[38;5;3m +331ms[39m
[32m[Nest] 5184  - [39m07/20/2026, 1:12:46 AM [32m    LOG[39m [38;5;3m[InstanceLoader] [39m[32mTypeOrmModule dependencies initialized[39m[38;5;3m +0ms[39m
[32m[Nest] 5184  - [39m07/20/2026, 1:12:46 AM [32m    LOG[39m [38;5;3m[InstanceLoader] [39m[32mTypeOrmModule dependencies initialized[39m[38;5;3m +1ms[39m
[32m[Nest] 5184  - [39m07/20/2026, 1:12:46 AM [32m    LOG[39m [38;5;3m[InstanceLoader] [39m[32mTypeOrmModule dependencies initialized[39m[38;5;3m +0ms[39m
[32m[Nest] 5184  - [39m07/20/2026, 1:12:46 AM [32m    LOG[39m [38;5;3m[InstanceLoader] [39m[32mAuditModule dependencies initialized[39m[38;5;3m +0ms[39m
[32m[Nest] 5184  - [39m07/20/2026, 1:12:46 AM [32m    LOG[39m [38;5;3m[InstanceLoader] [39m[32mAppModule dependencies initialized[39m[38;5;3m +1ms[39m
[32m[Nest] 5184  - [39m07/20/2026, 1:12:46 AM [32m    LOG[39m [38;5;3m[InstanceLoader] [39m[32mAuthModule dependencies initialized[39m[38;5;3m +0ms[39m
[32m[Nest] 5184  - [39m07/20/2026, 1:12:46 AM [32m    LOG[39m [38;5;3m[InstanceLoader] [39m[32mUserModule dependencies initialized[39m[38;5;3m +0ms[39m
[32m[Nest] 5184  - [39m07/20/2026, 1:12:46 AM [32m    LOG[39m [38;5;3m[RoutesResolver] [39m[32mAppController {/}:[39m[38;5;3m +61ms[39m
[32m[Nest] 5184  - [39m07/20/2026, 1:12:46 AM [32m    LOG[39m [38;5;3m[RouterExplorer] [39m[32mMapped {/, GET} route[39m[38;5;3m +4ms[39m
[32m[Nest] 5184  - [39m07/20/2026, 1:12:46 AM [32m    LOG[39m [38;5;3m[RoutesResolver] [39m[32mAuthController {/auth}:[39m[38;5;3m +1ms[39m
[32m[Nest] 5184  - [39m07/20/2026, 1:12:46 AM [32m    LOG[39m [38;5;3m[RouterExplorer] [39m[32mMapped {/auth/register, POST} route[39m[38;5;3m +1ms[39m
[32m[Nest] 5184  - [39m07/20/2026, 1:12:46 AM [32m    LOG[39m [38;5;3m[RouterExplorer] [39m[32mMapped {/auth/login, POST} route[39m[38;5;3m +1ms[39m
[32m[Nest] 5184  - [39m07/20/2026, 1:12:46 AM [32m    LOG[39m [38;5;3m[RouterExplorer] [39m[32mMapped {/auth/logout, POST} route[39m[38;5;3m +0ms[39m
[32m[Nest] 5184  - [39m07/20/2026, 1:12:46 AM [32m    LOG[39m [38;5;3m[RouterExplorer] [39m[32mMapped {/auth/refresh, POST} route[39m[38;5;3m +4ms[39m
[32m[Nest] 5184  - [39m07/20/2026, 1:12:46 AM [32m    LOG[39m [38;5;3m[RoutesResolver] [39m[32mUserController {/user}:[39m[38;5;3m +0ms[39m
[32m[Nest] 5184  - [39m07/20/2026, 1:12:46 AM [32m    LOG[39m [38;5;3m[RouterExplorer] [39m[32mMapped {/user/profile, GET} route[39m[38;5;3m +0ms[39m
[32m[Nest] 5184  - [39m07/20/2026, 1:12:46 AM [32m    LOG[39m [38;5;3m[RoutesResolver] [39m[32mAuditController {/audits}:[39m[38;5;3m +0ms[39m
[32m[Nest] 5184  - [39m07/20/2026, 1:12:46 AM [32m    LOG[39m [38;5;3m[RouterExplorer] [39m[32mMapped {/audits, POST} route[39m[38;5;3m +1ms[39m
[32m[Nest] 5184  - [39m07/20/2026, 1:12:46 AM [32m    LOG[39m [38;5;3m[RouterExplorer] [39m[32mMapped {/audits, GET} route[39m[38;5;3m +0ms[39m
[32m[Nest] 5184  - [39m07/20/2026, 1:12:46 AM [32m    LOG[39m [38;5;3m[RouterExplorer] [39m[32mMapped {/audits/:id/result, GET} route[39m[38;5;3m +1ms[39m
[32m[Nest] 5184  - [39m07/20/2026, 1:12:46 AM [32m    LOG[39m [38;5;3m[RouterExplorer] [39m[32mMapped {/audits/:id/export, GET} route[39m[38;5;3m +0ms[39m
[32m[Nest] 5184  - [39m07/20/2026, 1:12:46 AM [32m    LOG[39m [38;5;3m[NestApplication] [39m[32mNest application successfully started[39m[38;5;3m +8ms[39m
Client connected: 6zRledw_FD3Sc4xPAAAB
[2J[3J[H[[90m1:13:38 AM[0m] File change detected. Starting incremental compilation...

[[90m1:13:39 AM[0m] Found 0 errors. Watching for file changes.

[32m[Nest] 5104  - [39m07/20/2026, 1:13:42 AM [32m    LOG[39m [38;5;3m[NestFactory] [39m[32mStarting Nest application...[39m
[32m[Nest] 5104  - [39m07/20/2026, 1:13:43 AM [32m    LOG[39m [38;5;3m[InstanceLoader] [39m[32mTypeOrmModule dependencies initialized[39m[38;5;3m +215ms[39m
[32m[Nest] 5104  - [39m07/20/2026, 1:13:43 AM [32m    LOG[39m [38;5;3m[InstanceLoader] [39m[32mBullModule dependencies initialized[39m[38;5;3m +0ms[39m
[32m[Nest] 5104  - [39m07/20/2026, 1:13:43 AM [32m    LOG[39m [38;5;3m[InstanceLoader] [39m[32mBullBoardModule dependencies initialized[39m[38;5;3m +0ms[39m
[32m[Nest] 5104  - [39m07/20/2026, 1:13:43 AM [32m    LOG[39m [38;5;3m[InstanceLoader] [39m[32mConfigHostModule dependencies initialized[39m[38;5;3m +1ms[39m
[32m[Nest] 5104  - [39m07/20/2026, 1:13:43 AM [32m    LOG[39m [38;5;3m[InstanceLoader] [39m[32mThrottlerModule dependencies initialized[39m[38;5;3m +0ms[39m
[32m[Nest] 5104  - [39m07/20/2026, 1:13:43 AM [32m    LOG[39m [38;5;3m[InstanceLoader] [39m[32mJwtModule dependencies initialized[39m[38;5;3m +0ms[39m
[32m[Nest] 5104  - [39m07/20/2026, 1:13:43 AM [32m    LOG[39m [38;5;3m[InstanceLoader] [39m[32mJwtModule dependencies initialized[39m[38;5;3m +1ms[39m
[32m[Nest] 5104  - [39m07/20/2026, 1:13:43 AM [32m    LOG[39m [38;5;3m[InstanceLoader] [39m[32mBullBoardRootModule dependencies initialized[39m[38;5;3m +0ms[39m
[32m[Nest] 5104  - [39m07/20/2026, 1:13:43 AM [32m    LOG[39m [38;5;3m[InstanceLoader] [39m[32mDiscoveryModule dependencies initialized[39m[38;5;3m +1ms[39m
[32m[Nest] 5104  - [39m07/20/2026, 1:13:43 AM [32m    LOG[39m [38;5;3m[InstanceLoader] [39m[32mBullBoardFeatureModule dependencies initialized[39m[38;5;3m +0ms[39m
[32m[Nest] 5104  - [39m07/20/2026, 1:13:43 AM [32m    LOG[39m [38;5;3m[InstanceLoader] [39m[32mConfigModule dependencies initialized[39m[38;5;3m +0ms[39m
[32m[Nest] 5104  - [39m07/20/2026, 1:13:43 AM [32m    LOG[39m [38;5;3m[InstanceLoader] [39m[32mBullModule dependencies initialized[39m[38;5;3m +9ms[39m
[32m[Nest] 5104  - [39m07/20/2026, 1:13:43 AM [32m    LOG[39m [38;5;3m[InstanceLoader] [39m[32mBullModule dependencies initialized[39m[38;5;3m +1ms[39m
[32m[Nest] 5104  - [39m07/20/2026, 1:13:43 AM [32m    LOG[39m [38;5;3m[InstanceLoader] [39m[32mTypeOrmCoreModule dependencies initialized[39m[38;5;3m +260ms[39m
[32m[Nest] 5104  - [39m07/20/2026, 1:13:43 AM [32m    LOG[39m [38;5;3m[InstanceLoader] [39m[32mTypeOrmModule dependencies initialized[39m[38;5;3m +0ms[39m
[32m[Nest] 5104  - [39m07/20/2026, 1:13:43 AM [32m    LOG[39m [38;5;3m[InstanceLoader] [39m[32mTypeOrmModule dependencies initialized[39m[38;5;3m +0ms[39m
[32m[Nest] 5104  - [39m07/20/2026, 1:13:43 AM [32m    LOG[39m [38;5;3m[InstanceLoader] [39m[32mTypeOrmModule dependencies initialized[39m[38;5;3m +0ms[39m
[32m[Nest] 5104  - [39m07/20/2026, 1:13:43 AM [32m    LOG[39m [38;5;3m[InstanceLoader] [39m[32mAuditModule dependencies initialized[39m[38;5;3m +0ms[39m
[32m[Nest] 5104  - [39m07/20/2026, 1:13:43 AM [32m    LOG[39m [38;5;3m[InstanceLoader] [39m[32mAppModule dependencies initialized[39m[38;5;3m +1ms[39m
[32m[Nest] 5104  - [39m07/20/2026, 1:13:43 AM [32m    LOG[39m [38;5;3m[InstanceLoader] [39m[32mAuthModule dependencies initialized[39m[38;5;3m +0ms[39m
[32m[Nest] 5104  - [39m07/20/2026, 1:13:43 AM [32m    LOG[39m [38;5;3m[InstanceLoader] [39m[32mUserModule dependencies initialized[39m[38;5;3m +0ms[39m
[32m[Nest] 5104  - [39m07/20/2026, 1:13:43 AM [32m    LOG[39m [38;5;3m[RoutesResolver] [39m[32mAppController {/}:[39m[38;5;3m +63ms[39m
[32m[Nest] 5104  - [39m07/20/2026, 1:13:43 AM [32m    LOG[39m [38;5;3m[RouterExplorer] [39m[32mMapped {/, GET} route[39m[38;5;3m +3ms[39m
[32m[Nest] 5104  - [39m07/20/2026, 1:13:43 AM [32m    LOG[39m [38;5;3m[RoutesResolver] [39m[32mAuthController {/auth}:[39m[38;5;3m +1ms[39m
[32m[Nest] 5104  - [39m07/20/2026, 1:13:43 AM [32m    LOG[39m [38;5;3m[RouterExplorer] [39m[32mMapped {/auth/register, POST} route[39m[38;5;3m +1ms[39m
[32m[Nest] 5104  - [39m07/20/2026, 1:13:43 AM [32m    LOG[39m [38;5;3m[RouterExplorer] [39m[32mMapped {/auth/login, POST} route[39m[38;5;3m +0ms[39m
[32m[Nest] 5104  - [39m07/20/2026, 1:13:43 AM [32m    LOG[39m [38;5;3m[RouterExplorer] [39m[32mMapped {/auth/logout, POST} route[39m[38;5;3m +3ms[39m
[32m[Nest] 5104  - [39m07/20/2026, 1:13:43 AM [32m    LOG[39m [38;5;3m[RouterExplorer] [39m[32mMapped {/auth/refresh, POST} route[39m[38;5;3m +2ms[39m
[32m[Nest] 5104  - [39m07/20/2026, 1:13:43 AM [32m    LOG[39m [38;5;3m[RoutesResolver] [39m[32mUserController {/user}:[39m[38;5;3m +1ms[39m
[32m[Nest] 5104  - [39m07/20/2026, 1:13:43 AM [32m    LOG[39m [38;5;3m[RouterExplorer] [39m[32mMapped {/user/profile, GET} route[39m[38;5;3m +3ms[39m
[32m[Nest] 5104  - [39m07/20/2026, 1:13:43 AM [32m    LOG[39m [38;5;3m[RoutesResolver] [39m[32mAuditController {/audits}:[39m[38;5;3m +0ms[39m
[32m[Nest] 5104  - [39m07/20/2026, 1:13:43 AM [32m    LOG[39m [38;5;3m[RouterExplorer] [39m[32mMapped {/audits, POST} route[39m[38;5;3m +1ms[39m
[32m[Nest] 5104  - [39m07/20/2026, 1:13:43 AM [32m    LOG[39m [38;5;3m[RouterExplorer] [39m[32mMapped {/audits, GET} route[39m[38;5;3m +0ms[39m
[32m[Nest] 5104  - [39m07/20/2026, 1:13:43 AM [32m    LOG[39m [38;5;3m[RouterExplorer] [39m[32mMapped {/audits/:id/result, GET} route[39m[38;5;3m +1ms[39m
[32m[Nest] 5104  - [39m07/20/2026, 1:13:43 AM [32m    LOG[39m [38;5;3m[RouterExplorer] [39m[32mMapped {/audits/:id/export, GET} route[39m[38;5;3m +1ms[39m
[32m[Nest] 5104  - [39m07/20/2026, 1:13:43 AM [32m    LOG[39m [38;5;3m[NestApplication] [39m[32mNest application successfully started[39m[38;5;3m +11ms[39m
Client connected: ANeOqf2oTZQSrsQtAAAB
[2J[3J[H[[90m1:13:52 AM[0m] File change detected. Starting incremental compilation...

[[90m1:13:53 AM[0m] Found 0 errors. Watching for file changes.

[32m[Nest] 368  - [39m07/20/2026, 1:13:57 AM [32m    LOG[39m [38;5;3m[NestFactory] [39m[32mStarting Nest application...[39m
[32m[Nest] 368  - [39m07/20/2026, 1:13:57 AM [32m    LOG[39m [38;5;3m[InstanceLoader] [39m[32mTypeOrmModule dependencies initialized[39m[38;5;3m +238ms[39m
[32m[Nest] 368  - [39m07/20/2026, 1:13:57 AM [32m    LOG[39m [38;5;3m[InstanceLoader] [39m[32mBullModule dependencies initialized[39m[38;5;3m +0ms[39m
[32m[Nest] 368  - [39m07/20/2026, 1:13:57 AM [32m    LOG[39m [38;5;3m[InstanceLoader] [39m[32mBullBoardModule dependencies initialized[39m[38;5;3m +0ms[39m
[32m[Nest] 368  - [39m07/20/2026, 1:13:57 AM [32m    LOG[39m [38;5;3m[InstanceLoader] [39m[32mConfigHostModule dependencies initialized[39m[38;5;3m +1ms[39m
[32m[Nest] 368  - [39m07/20/2026, 1:13:57 AM [32m    LOG[39m [38;5;3m[InstanceLoader] [39m[32mThrottlerModule dependencies initialized[39m[38;5;3m +0ms[39m
[32m[Nest] 368  - [39m07/20/2026, 1:13:57 AM [32m    LOG[39m [38;5;3m[InstanceLoader] [39m[32mJwtModule dependencies initialized[39m[38;5;3m +0ms[39m
[32m[Nest] 368  - [39m07/20/2026, 1:13:57 AM [32m    LOG[39m [38;5;3m[InstanceLoader] [39m[32mJwtModule dependencies initialized[39m[38;5;3m +5ms[39m
[32m[Nest] 368  - [39m07/20/2026, 1:13:57 AM [32m    LOG[39m [38;5;3m[InstanceLoader] [39m[32mBullBoardRootModule dependencies initialized[39m[38;5;3m +0ms[39m
[32m[Nest] 368  - [39m07/20/2026, 1:13:57 AM [32m    LOG[39m [38;5;3m[InstanceLoader] [39m[32mDiscoveryModule dependencies initialized[39m[38;5;3m +1ms[39m
[32m[Nest] 368  - [39m07/20/2026, 1:13:57 AM [32m    LOG[39m [38;5;3m[InstanceLoader] [39m[32mBullBoardFeatureModule dependencies initialized[39m[38;5;3m +1ms[39m
[32m[Nest] 368  - [39m07/20/2026, 1:13:57 AM [32m    LOG[39m [38;5;3m[InstanceLoader] [39m[32mConfigModule dependencies initialized[39m[38;5;3m +0ms[39m
[32m[Nest] 368  - [39m07/20/2026, 1:13:57 AM [32m    LOG[39m [38;5;3m[InstanceLoader] [39m[32mBullModule dependencies initialized[39m[38;5;3m +5ms[39m
[32m[Nest] 368  - [39m07/20/2026, 1:13:57 AM [32m    LOG[39m [38;5;3m[InstanceLoader] [39m[32mBullModule dependencies initialized[39m[38;5;3m +0ms[39m
[32m[Nest] 368  - [39m07/20/2026, 1:13:57 AM [32m    LOG[39m [38;5;3m[InstanceLoader] [39m[32mTypeOrmCoreModule dependencies initialized[39m[38;5;3m +197ms[39m
[32m[Nest] 368  - [39m07/20/2026, 1:13:57 AM [32m    LOG[39m [38;5;3m[InstanceLoader] [39m[32mTypeOrmModule dependencies initialized[39m[38;5;3m +0ms[39m
[32m[Nest] 368  - [39m07/20/2026, 1:13:57 AM [32m    LOG[39m [38;5;3m[InstanceLoader] [39m[32mTypeOrmModule dependencies initialized[39m[38;5;3m +0ms[39m
[32m[Nest] 368  - [39m07/20/2026, 1:13:57 AM [32m    LOG[39m [38;5;3m[InstanceLoader] [39m[32mTypeOrmModule dependencies initialized[39m[38;5;3m +0ms[39m
[32m[Nest] 368  - [39m07/20/2026, 1:13:57 AM [32m    LOG[39m [38;5;3m[InstanceLoader] [39m[32mAuditModule dependencies initialized[39m[38;5;3m +1ms[39m
[32m[Nest] 368  - [39m07/20/2026, 1:13:57 AM [32m    LOG[39m [38;5;3m[InstanceLoader] [39m[32mAppModule dependencies initialized[39m[38;5;3m +0ms[39m
[32m[Nest] 368  - [39m07/20/2026, 1:13:57 AM [32m    LOG[39m [38;5;3m[InstanceLoader] [39m[32mAuthModule dependencies initialized[39m[38;5;3m +1ms[39m
[32m[Nest] 368  - [39m07/20/2026, 1:13:57 AM [32m    LOG[39m [38;5;3m[InstanceLoader] [39m[32mUserModule dependencies initialized[39m[38;5;3m +0ms[39m
[32m[Nest] 368  - [39m07/20/2026, 1:13:57 AM [32m    LOG[39m [38;5;3m[RoutesResolver] [39m[32mAppController {/}:[39m[38;5;3m +61ms[39m
[32m[Nest] 368  - [39m07/20/2026, 1:13:57 AM [32m    LOG[39m [38;5;3m[RouterExplorer] [39m[32mMapped {/, GET} route[39m[38;5;3m +2ms[39m
[32m[Nest] 368  - [39m07/20/2026, 1:13:57 AM [32m    LOG[39m [38;5;3m[RoutesResolver] [39m[32mAuthController {/auth}:[39m[38;5;3m +0ms[39m
[32m[Nest] 368  - [39m07/20/2026, 1:13:57 AM [32m    LOG[39m [38;5;3m[RouterExplorer] [39m[32mMapped {/auth/register, POST} route[39m[38;5;3m +1ms[39m
[32m[Nest] 368  - [39m07/20/2026, 1:13:57 AM [32m    LOG[39m [38;5;3m[RouterExplorer] [39m[32mMapped {/auth/login, POST} route[39m[38;5;3m +1ms[39m
[32m[Nest] 368  - [39m07/20/2026, 1:13:57 AM [32m    LOG[39m [38;5;3m[RouterExplorer] [39m[32mMapped {/auth/logout, POST} route[39m[38;5;3m +0ms[39m
[32m[Nest] 368  - [39m07/20/2026, 1:13:57 AM [32m    LOG[39m [38;5;3m[RouterExplorer] [39m[32mMapped {/auth/refresh, POST} route[39m[38;5;3m +1ms[39m
[32m[Nest] 368  - [39m07/20/2026, 1:13:57 AM [32m    LOG[39m [38;5;3m[RoutesResolver] [39m[32mUserController {/user}:[39m[38;5;3m +0ms[39m
[32m[Nest] 368  - [39m07/20/2026, 1:13:57 AM [32m    LOG[39m [38;5;3m[RouterExplorer] [39m[32mMapped {/user/profile, GET} route[39m[38;5;3m +0ms[39m
[32m[Nest] 368  - [39m07/20/2026, 1:13:57 AM [32m    LOG[39m [38;5;3m[RoutesResolver] [39m[32mAuditController {/audits}:[39m[38;5;3m +0ms[39m
[32m[Nest] 368  - [39m07/20/2026, 1:13:57 AM [32m    LOG[39m [38;5;3m[RouterExplorer] [39m[32mMapped {/audits, POST} route[39m[38;5;3m +1ms[39m
[32m[Nest] 368  - [39m07/20/2026, 1:13:57 AM [32m    LOG[39m [38;5;3m[RouterExplorer] [39m[32mMapped {/audits, GET} route[39m[38;5;3m +0ms[39m
[32m[Nest] 368  - [39m07/20/2026, 1:13:57 AM [32m    LOG[39m [38;5;3m[RouterExplorer] [39m[32mMapped {/audits/:id/result, GET} route[39m[38;5;3m +1ms[39m
[32m[Nest] 368  - [39m07/20/2026, 1:13:57 AM [32m    LOG[39m [38;5;3m[RouterExplorer] [39m[32mMapped {/audits/:id/export, GET} route[39m[38;5;3m +1ms[39m
[32m[Nest] 368  - [39m07/20/2026, 1:13:57 AM [32m    LOG[39m [38;5;3m[NestApplication] [39m[32mNest application successfully started[39m[38;5;3m +11ms[39m
Client connected: 3i5Ts5nrU2R-u8DWAAAB
[2J[3J[H[[90m1:13:59 AM[0m] File change detected. Starting incremental compilation...

[[90m1:14:00 AM[0m] Found 0 errors. Watching for file changes.

[32m[Nest] 8852  - [39m07/20/2026, 1:14:03 AM [32m    LOG[39m [38;5;3m[NestFactory] [39m[32mStarting Nest application...[39m
[32m[Nest] 8852  - [39m07/20/2026, 1:14:03 AM [32m    LOG[39m [38;5;3m[InstanceLoader] [39m[32mTypeOrmModule dependencies initialized[39m[38;5;3m +179ms[39m
[32m[Nest] 8852  - [39m07/20/2026, 1:14:03 AM [32m    LOG[39m [38;5;3m[InstanceLoader] [39m[32mBullModule dependencies initialized[39m[38;5;3m +0ms[39m
[32m[Nest] 8852  - [39m07/20/2026, 1:14:03 AM [32m    LOG[39m [38;5;3m[InstanceLoader] [39m[32mBullBoardModule dependencies initialized[39m[38;5;3m +0ms[39m
[32m[Nest] 8852  - [39m07/20/2026, 1:14:03 AM [32m    LOG[39m [38;5;3m[InstanceLoader] [39m[32mConfigHostModule dependencies initialized[39m[38;5;3m +2ms[39m
[32m[Nest] 8852  - [39m07/20/2026, 1:14:03 AM [32m    LOG[39m [38;5;3m[InstanceLoader] [39m[32mThrottlerModule dependencies initialized[39m[38;5;3m +0ms[39m
[32m[Nest] 8852  - [39m07/20/2026, 1:14:03 AM [32m    LOG[39m [38;5;3m[InstanceLoader] [39m[32mJwtModule dependencies initialized[39m[38;5;3m +0ms[39m
[32m[Nest] 8852  - [39m07/20/2026, 1:14:03 AM [32m    LOG[39m [38;5;3m[InstanceLoader] [39m[32mJwtModule dependencies initialized[39m[38;5;3m +1ms[39m
[32m[Nest] 8852  - [39m07/20/2026, 1:14:03 AM [32m    LOG[39m [38;5;3m[InstanceLoader] [39m[32mBullBoardRootModule dependencies initialized[39m[38;5;3m +0ms[39m
[32m[Nest] 8852  - [39m07/20/2026, 1:14:03 AM [32m    LOG[39m [38;5;3m[InstanceLoader] [39m[32mDiscoveryModule dependencies initialized[39m[38;5;3m +1ms[39m
[32m[Nest] 8852  - [39m07/20/2026, 1:14:03 AM [32m    LOG[39m [38;5;3m[InstanceLoader] [39m[32mBullBoardFeatureModule dependencies initialized[39m[38;5;3m +0ms[39m
[32m[Nest] 8852  - [39m07/20/2026, 1:14:03 AM [32m    LOG[39m [38;5;3m[InstanceLoader] [39m[32mConfigModule dependencies initialized[39m[38;5;3m +0ms[39m
[32m[Nest] 8852  - [39m07/20/2026, 1:14:03 AM [32m    LOG[39m [38;5;3m[InstanceLoader] [39m[32mBullModule dependencies initialized[39m[38;5;3m +5ms[39m
[32m[Nest] 8852  - [39m07/20/2026, 1:14:03 AM [32m    LOG[39m [38;5;3m[InstanceLoader] [39m[32mBullModule dependencies initialized[39m[38;5;3m +0ms[39m
[32m[Nest] 8852  - [39m07/20/2026, 1:14:04 AM [32m    LOG[39m [38;5;3m[InstanceLoader] [39m[32mTypeOrmCoreModule dependencies initialized[39m[38;5;3m +175ms[39m
[32m[Nest] 8852  - [39m07/20/2026, 1:14:04 AM [32m    LOG[39m [38;5;3m[InstanceLoader] [39m[32mTypeOrmModule dependencies initialized[39m[38;5;3m +0ms[39m
[32m[Nest] 8852  - [39m07/20/2026, 1:14:04 AM [32m    LOG[39m [38;5;3m[InstanceLoader] [39m[32mTypeOrmModule dependencies initialized[39m[38;5;3m +0ms[39m
[32m[Nest] 8852  - [39m07/20/2026, 1:14:04 AM [32m    LOG[39m [38;5;3m[InstanceLoader] [39m[32mTypeOrmModule dependencies initialized[39m[38;5;3m +0ms[39m
[32m[Nest] 8852  - [39m07/20/2026, 1:14:04 AM [32m    LOG[39m [38;5;3m[InstanceLoader] [39m[32mAuditModule dependencies initialized[39m[38;5;3m +1ms[39m
[32m[Nest] 8852  - [39m07/20/2026, 1:14:04 AM [32m    LOG[39m [38;5;3m[InstanceLoader] [39m[32mAppModule dependencies initialized[39m[38;5;3m +0ms[39m
[32m[Nest] 8852  - [39m07/20/2026, 1:14:04 AM [32m    LOG[39m [38;5;3m[InstanceLoader] [39m[32mAuthModule dependencies initialized[39m[38;5;3m +0ms[39m
[32m[Nest] 8852  - [39m07/20/2026, 1:14:04 AM [32m    LOG[39m [38;5;3m[InstanceLoader] [39m[32mUserModule dependencies initialized[39m[38;5;3m +0ms[39m
[32m[Nest] 8852  - [39m07/20/2026, 1:14:04 AM [32m    LOG[39m [38;5;3m[RoutesResolver] [39m[32mAppController {/}:[39m[38;5;3m +51ms[39m
[32m[Nest] 8852  - [39m07/20/2026, 1:14:04 AM [32m    LOG[39m [38;5;3m[RouterExplorer] [39m[32mMapped {/, GET} route[39m[38;5;3m +2ms[39m
[32m[Nest] 8852  - [39m07/20/2026, 1:14:04 AM [32m    LOG[39m [38;5;3m[RoutesResolver] [39m[32mAuthController {/auth}:[39m[38;5;3m +0ms[39m
[32m[Nest] 8852  - [39m07/20/2026, 1:14:04 AM [32m    LOG[39m [38;5;3m[RouterExplorer] [39m[32mMapped {/auth/register, POST} route[39m[38;5;3m +1ms[39m
[32m[Nest] 8852  - [39m07/20/2026, 1:14:04 AM [32m    LOG[39m [38;5;3m[RouterExplorer] [39m[32mMapped {/auth/login, POST} route[39m[38;5;3m +1ms[39m
[32m[Nest] 8852  - [39m07/20/2026, 1:14:04 AM [32m    LOG[39m [38;5;3m[RouterExplorer] [39m[32mMapped {/auth/logout, POST} route[39m[38;5;3m +0ms[39m
[32m[Nest] 8852  - [39m07/20/2026, 1:14:04 AM [32m    LOG[39m [38;5;3m[RouterExplorer] [39m[32mMapped {/auth/refresh, POST} route[39m[38;5;3m +1ms[39m
[32m[Nest] 8852  - [39m07/20/2026, 1:14:04 AM [32m    LOG[39m [38;5;3m[RoutesResolver] [39m[32mUserController {/user}:[39m[38;5;3m +0ms[39m
[32m[Nest] 8852  - [39m07/20/2026, 1:14:04 AM [32m    LOG[39m [38;5;3m[RouterExplorer] [39m[32mMapped {/user/profile, GET} route[39m[38;5;3m +0ms[39m
[32m[Nest] 8852  - [39m07/20/2026, 1:14:04 AM [32m    LOG[39m [38;5;3m[RoutesResolver] [39m[32mAuditController {/audits}:[39m[38;5;3m +0ms[39m
[32m[Nest] 8852  - [39m07/20/2026, 1:14:04 AM [32m    LOG[39m [38;5;3m[RouterExplorer] [39m[32mMapped {/audits, POST} route[39m[38;5;3m +1ms[39m
[32m[Nest] 8852  - [39m07/20/2026, 1:14:04 AM [32m    LOG[39m [38;5;3m[RouterExplorer] [39m[32mMapped {/audits, GET} route[39m[38;5;3m +0ms[39m
[32m[Nest] 8852  - [39m07/20/2026, 1:14:04 AM [32m    LOG[39m [38;5;3m[RouterExplorer] [39m[32mMapped {/audits/:id/result, GET} route[39m[38;5;3m +0ms[39m
[32m[Nest] 8852  - [39m07/20/2026, 1:14:04 AM [32m    LOG[39m [38;5;3m[RouterExplorer] [39m[32mMapped {/audits/:id/export, GET} route[39m[38;5;3m +0ms[39m
[32m[Nest] 8852  - [39m07/20/2026, 1:14:04 AM [32m    LOG[39m [38;5;3m[NestApplication] [39m[32mNest application successfully started[39m[38;5;3m +12ms[39m
Client connected: zQ0YxFygGMFADkcNAAAB
[2J[3J[H[[90m1:14:29 AM[0m] File change detected. Starting incremental compilation...

[[90m1:14:29 AM[0m] Found 0 errors. Watching for file changes.

[32m[Nest] 1576  - [39m07/20/2026, 1:14:32 AM [32m    LOG[39m [38;5;3m[NestFactory] [39m[32mStarting Nest application...[39m
[32m[Nest] 1576  - [39m07/20/2026, 1:14:33 AM [32m    LOG[39m [38;5;3m[InstanceLoader] [39m[32mTypeOrmModule dependencies initialized[39m[38;5;3m +129ms[39m
[32m[Nest] 1576  - [39m07/20/2026, 1:14:33 AM [32m    LOG[39m [38;5;3m[InstanceLoader] [39m[32mBullModule dependencies initialized[39m[38;5;3m +0ms[39m
[32m[Nest] 1576  - [39m07/20/2026, 1:14:33 AM [32m    LOG[39m [38;5;3m[InstanceLoader] [39m[32mBullBoardModule dependencies initialized[39m[38;5;3m +0ms[39m
[32m[Nest] 1576  - [39m07/20/2026, 1:14:33 AM [32m    LOG[39m [38;5;3m[InstanceLoader] [39m[32mConfigHostModule dependencies initialized[39m[38;5;3m +1ms[39m
[32m[Nest] 1576  - [39m07/20/2026, 1:14:33 AM [32m    LOG[39m [38;5;3m[InstanceLoader] [39m[32mThrottlerModule dependencies initialized[39m[38;5;3m +0ms[39m
[32m[Nest] 1576  - [39m07/20/2026, 1:14:33 AM [32m    LOG[39m [38;5;3m[InstanceLoader] [39m[32mJwtModule dependencies initialized[39m[38;5;3m +0ms[39m
[32m[Nest] 1576  - [39m07/20/2026, 1:14:33 AM [32m    LOG[39m [38;5;3m[InstanceLoader] [39m[32mJwtModule dependencies initialized[39m[38;5;3m +0ms[39m
[32m[Nest] 1576  - [39m07/20/2026, 1:14:33 AM [32m    LOG[39m [38;5;3m[InstanceLoader] [39m[32mBullBoardRootModule dependencies initialized[39m[38;5;3m +0ms[39m
[32m[Nest] 1576  - [39m07/20/2026, 1:14:33 AM [32m    LOG[39m [38;5;3m[InstanceLoader] [39m[32mDiscoveryModule dependencies initialized[39m[38;5;3m +1ms[39m
[32m[Nest] 1576  - [39m07/20/2026, 1:14:33 AM [32m    LOG[39m [38;5;3m[InstanceLoader] [39m[32mBullBoardFeatureModule dependencies initialized[39m[38;5;3m +0ms[39m
[32m[Nest] 1576  - [39m07/20/2026, 1:14:33 AM [32m    LOG[39m [38;5;3m[InstanceLoader] [39m[32mConfigModule dependencies initialized[39m[38;5;3m +0ms[39m
[32m[Nest] 1576  - [39m07/20/2026, 1:14:33 AM [32m    LOG[39m [38;5;3m[InstanceLoader] [39m[32mBullModule dependencies initialized[39m[38;5;3m +3ms[39m
[32m[Nest] 1576  - [39m07/20/2026, 1:14:33 AM [32m    LOG[39m [38;5;3m[InstanceLoader] [39m[32mBullModule dependencies initialized[39m[38;5;3m +0ms[39m
[32m[Nest] 1576  - [39m07/20/2026, 1:14:33 AM [32m    LOG[39m [38;5;3m[InstanceLoader] [39m[32mTypeOrmCoreModule dependencies initialized[39m[38;5;3m +235ms[39m
[32m[Nest] 1576  - [39m07/20/2026, 1:14:33 AM [32m    LOG[39m [38;5;3m[InstanceLoader] [39m[32mTypeOrmModule dependencies initialized[39m[38;5;3m +0ms[39m
[32m[Nest] 1576  - [39m07/20/2026, 1:14:33 AM [32m    LOG[39m [38;5;3m[InstanceLoader] [39m[32mTypeOrmModule dependencies initialized[39m[38;5;3m +0ms[39m
[32m[Nest] 1576  - [39m07/20/2026, 1:14:33 AM [32m    LOG[39m [38;5;3m[InstanceLoader] [39m[32mTypeOrmModule dependencies initialized[39m[38;5;3m +0ms[39m
[32m[Nest] 1576  - [39m07/20/2026, 1:14:33 AM [32m    LOG[39m [38;5;3m[InstanceLoader] [39m[32mAuditModule dependencies initialized[39m[38;5;3m +0ms[39m
[32m[Nest] 1576  - [39m07/20/2026, 1:14:33 AM [32m    LOG[39m [38;5;3m[InstanceLoader] [39m[32mAppModule dependencies initialized[39m[38;5;3m +1ms[39m
[32m[Nest] 1576  - [39m07/20/2026, 1:14:33 AM [32m    LOG[39m [38;5;3m[InstanceLoader] [39m[32mAuthModule dependencies initialized[39m[38;5;3m +1ms[39m
[32m[Nest] 1576  - [39m07/20/2026, 1:14:33 AM [32m    LOG[39m [38;5;3m[InstanceLoader] [39m[32mUserModule dependencies initialized[39m[38;5;3m +0ms[39m
[32m[Nest] 1576  - [39m07/20/2026, 1:14:33 AM [32m    LOG[39m [38;5;3m[RoutesResolver] [39m[32mAppController {/}:[39m[38;5;3m +64ms[39m
[32m[Nest] 1576  - [39m07/20/2026, 1:14:33 AM [32m    LOG[39m [38;5;3m[RouterExplorer] [39m[32mMapped {/, GET} route[39m[38;5;3m +5ms[39m
[32m[Nest] 1576  - [39m07/20/2026, 1:14:33 AM [32m    LOG[39m [38;5;3m[RoutesResolver] [39m[32mAuthController {/auth}:[39m[38;5;3m +1ms[39m
[32m[Nest] 1576  - [39m07/20/2026, 1:14:33 AM [32m    LOG[39m [38;5;3m[RouterExplorer] [39m[32mMapped {/auth/register, POST} route[39m[38;5;3m +1ms[39m
[32m[Nest] 1576  - [39m07/20/2026, 1:14:33 AM [32m    LOG[39m [38;5;3m[RouterExplorer] [39m[32mMapped {/auth/login, POST} route[39m[38;5;3m +0ms[39m
[32m[Nest] 1576  - [39m07/20/2026, 1:14:33 AM [32m    LOG[39m [38;5;3m[RouterExplorer] [39m[32mMapped {/auth/logout, POST} route[39m[38;5;3m +1ms[39m
[32m[Nest] 1576  - [39m07/20/2026, 1:14:33 AM [32m    LOG[39m [38;5;3m[RouterExplorer] [39m[32mMapped {/auth/refresh, POST} route[39m[38;5;3m +1ms[39m
[32m[Nest] 1576  - [39m07/20/2026, 1:14:33 AM [32m    LOG[39m [38;5;3m[RoutesResolver] [39m[32mUserController {/user}:[39m[38;5;3m +0ms[39m
[32m[Nest] 1576  - [39m07/20/2026, 1:14:33 AM [32m    LOG[39m [38;5;3m[RouterExplorer] [39m[32mMapped {/user/profile, GET} route[39m[38;5;3m +0ms[39m
[32m[Nest] 1576  - [39m07/20/2026, 1:14:33 AM [32m    LOG[39m [38;5;3m[RoutesResolver] [39m[32mAuditController {/audits}:[39m[38;5;3m +0ms[39m
[32m[Nest] 1576  - [39m07/20/2026, 1:14:33 AM [32m    LOG[39m [38;5;3m[RouterExplorer] [39m[32mMapped {/audits, POST} route[39m[38;5;3m +1ms[39m
[32m[Nest] 1576  - [39m07/20/2026, 1:14:33 AM [32m    LOG[39m [38;5;3m[RouterExplorer] [39m[32mMapped {/audits, GET} route[39m[38;5;3m +0ms[39m
[32m[Nest] 1576  - [39m07/20/2026, 1:14:33 AM [32m    LOG[39m [38;5;3m[RouterExplorer] [39m[32mMapped {/audits/:id/result, GET} route[39m[38;5;3m +1ms[39m
[32m[Nest] 1576  - [39m07/20/2026, 1:14:33 AM [32m    LOG[39m [38;5;3m[RouterExplorer] [39m[32mMapped {/audits/:id/export, GET} route[39m[38;5;3m +0ms[39m
[32m[Nest] 1576  - [39m07/20/2026, 1:14:33 AM [32m    LOG[39m [38;5;3m[NestApplication] [39m[32mNest application successfully started[39m[38;5;3m +16ms[39m
Client connected: TQrxjbZDMRIZsimrAAAB
[2J[3J[H[[90m1:14:55 AM[0m] File change detected. Starting incremental compilation...

[[90m1:14:56 AM[0m] Found 0 errors. Watching for file changes.

[32m[Nest] 2936  - [39m07/20/2026, 1:14:59 AM [32m    LOG[39m [38;5;3m[NestFactory] [39m[32mStarting Nest application...[39m
[32m[Nest] 2936  - [39m07/20/2026, 1:15:00 AM [32m    LOG[39m [38;5;3m[InstanceLoader] [39m[32mTypeOrmModule dependencies initialized[39m[38;5;3m +220ms[39m
[32m[Nest] 2936  - [39m07/20/2026, 1:15:00 AM [32m    LOG[39m [38;5;3m[InstanceLoader] [39m[32mBullModule dependencies initialized[39m[38;5;3m +1ms[39m
[32m[Nest] 2936  - [39m07/20/2026, 1:15:00 AM [32m    LOG[39m [38;5;3m[InstanceLoader] [39m[32mBullBoardModule dependencies initialized[39m[38;5;3m +0ms[39m
[32m[Nest] 2936  - [39m07/20/2026, 1:15:00 AM [32m    LOG[39m [38;5;3m[InstanceLoader] [39m[32mConfigHostModule dependencies initialized[39m[38;5;3m +2ms[39m
[32m[Nest] 2936  - [39m07/20/2026, 1:15:00 AM [32m    LOG[39m [38;5;3m[InstanceLoader] [39m[32mThrottlerModule dependencies initialized[39m[38;5;3m +0ms[39m
[32m[Nest] 2936  - [39m07/20/2026, 1:15:00 AM [32m    LOG[39m [38;5;3m[InstanceLoader] [39m[32mJwtModule dependencies initialized[39m[38;5;3m +0ms[39m
[32m[Nest] 2936  - [39m07/20/2026, 1:15:00 AM [32m    LOG[39m [38;5;3m[InstanceLoader] [39m[32mJwtModule dependencies initialized[39m[38;5;3m +3ms[39m
[32m[Nest] 2936  - [39m07/20/2026, 1:15:00 AM [32m    LOG[39m [38;5;3m[InstanceLoader] [39m[32mBullBoardRootModule dependencies initialized[39m[38;5;3m +0ms[39m
[32m[Nest] 2936  - [39m07/20/2026, 1:15:00 AM [32m    LOG[39m [38;5;3m[InstanceLoader] [39m[32mDiscoveryModule dependencies initialized[39m[38;5;3m +1ms[39m
[32m[Nest] 2936  - [39m07/20/2026, 1:15:00 AM [32m    LOG[39m [38;5;3m[InstanceLoader] [39m[32mBullBoardFeatureModule dependencies initialized[39m[38;5;3m +1ms[39m
[32m[Nest] 2936  - [39m07/20/2026, 1:15:00 AM [32m    LOG[39m [38;5;3m[InstanceLoader] [39m[32mConfigModule dependencies initialized[39m[38;5;3m +0ms[39m
[32m[Nest] 2936  - [39m07/20/2026, 1:15:00 AM [32m    LOG[39m [38;5;3m[InstanceLoader] [39m[32mBullModule dependencies initialized[39m[38;5;3m +4ms[39m
[32m[Nest] 2936  - [39m07/20/2026, 1:15:00 AM [32m    LOG[39m [38;5;3m[InstanceLoader] [39m[32mBullModule dependencies initialized[39m[38;5;3m +1ms[39m
[32m[Nest] 2936  - [39m07/20/2026, 1:15:00 AM [32m    LOG[39m [38;5;3m[InstanceLoader] [39m[32mTypeOrmCoreModule dependencies initialized[39m[38;5;3m +206ms[39m
[32m[Nest] 2936  - [39m07/20/2026, 1:15:00 AM [32m    LOG[39m [38;5;3m[InstanceLoader] [39m[32mTypeOrmModule dependencies initialized[39m[38;5;3m +0ms[39m
[32m[Nest] 2936  - [39m07/20/2026, 1:15:00 AM [32m    LOG[39m [38;5;3m[InstanceLoader] [39m[32mTypeOrmModule dependencies initialized[39m[38;5;3m +1ms[39m
[32m[Nest] 2936  - [39m07/20/2026, 1:15:00 AM [32m    LOG[39m [38;5;3m[InstanceLoader] [39m[32mTypeOrmModule dependencies initialized[39m[38;5;3m +0ms[39m
[32m[Nest] 2936  - [39m07/20/2026, 1:15:00 AM [32m    LOG[39m [38;5;3m[InstanceLoader] [39m[32mAuditModule dependencies initialized[39m[38;5;3m +0ms[39m
[32m[Nest] 2936  - [39m07/20/2026, 1:15:00 AM [32m    LOG[39m [38;5;3m[InstanceLoader] [39m[32mAppModule dependencies initialized[39m[38;5;3m +1ms[39m
[32m[Nest] 2936  - [39m07/20/2026, 1:15:00 AM [32m    LOG[39m [38;5;3m[InstanceLoader] [39m[32mAuthModule dependencies initialized[39m[38;5;3m +1ms[39m
[32m[Nest] 2936  - [39m07/20/2026, 1:15:00 AM [32m    LOG[39m [38;5;3m[InstanceLoader] [39m[32mUserModule dependencies initialized[39m[38;5;3m +0ms[39m
[32m[Nest] 2936  - [39m07/20/2026, 1:15:00 AM [32m    LOG[39m [38;5;3m[RoutesResolver] [39m[32mAppController {/}:[39m[38;5;3m +70ms[39m
[32m[Nest] 2936  - [39m07/20/2026, 1:15:00 AM [32m    LOG[39m [38;5;3m[RouterExplorer] [39m[32mMapped {/, GET} route[39m[38;5;3m +3ms[39m
[32m[Nest] 2936  - [39m07/20/2026, 1:15:00 AM [32m    LOG[39m [38;5;3m[RoutesResolver] [39m[32mAuthController {/auth}:[39m[38;5;3m +0ms[39m
[32m[Nest] 2936  - [39m07/20/2026, 1:15:00 AM [32m    LOG[39m [38;5;3m[RouterExplorer] [39m[32mMapped {/auth/register, POST} route[39m[38;5;3m +1ms[39m
[32m[Nest] 2936  - [39m07/20/2026, 1:15:00 AM [32m    LOG[39m [38;5;3m[RouterExplorer] [39m[32mMapped {/auth/login, POST} route[39m[38;5;3m +0ms[39m
[32m[Nest] 2936  - [39m07/20/2026, 1:15:00 AM [32m    LOG[39m [38;5;3m[RouterExplorer] [39m[32mMapped {/auth/logout, POST} route[39m[38;5;3m +1ms[39m
[32m[Nest] 2936  - [39m07/20/2026, 1:15:00 AM [32m    LOG[39m [38;5;3m[RouterExplorer] [39m[32mMapped {/auth/refresh, POST} route[39m[38;5;3m +0ms[39m
[32m[Nest] 2936  - [39m07/20/2026, 1:15:00 AM [32m    LOG[39m [38;5;3m[RoutesResolver] [39m[32mUserController {/user}:[39m[38;5;3m +1ms[39m
[32m[Nest] 2936  - [39m07/20/2026, 1:15:00 AM [32m    LOG[39m [38;5;3m[RouterExplorer] [39m[32mMapped {/user/profile, GET} route[39m[38;5;3m +1ms[39m
[32m[Nest] 2936  - [39m07/20/2026, 1:15:00 AM [32m    LOG[39m [38;5;3m[RoutesResolver] [39m[32mAuditController {/audits}:[39m[38;5;3m +0ms[39m
[32m[Nest] 2936  - [39m07/20/2026, 1:15:00 AM [32m    LOG[39m [38;5;3m[RouterExplorer] [39m[32mMapped {/audits, POST} route[39m[38;5;3m +0ms[39m
[32m[Nest] 2936  - [39m07/20/2026, 1:15:00 AM [32m    LOG[39m [38;5;3m[RouterExplorer] [39m[32mMapped {/audits, GET} route[39m[38;5;3m +1ms[39m
[32m[Nest] 2936  - [39m07/20/2026, 1:15:00 AM [32m    LOG[39m [38;5;3m[RouterExplorer] [39m[32mMapped {/audits/:id/result, GET} route[39m[38;5;3m +4ms[39m
[32m[Nest] 2936  - [39m07/20/2026, 1:15:00 AM [32m    LOG[39m [38;5;3m[RouterExplorer] [39m[32mMapped {/audits/:id/export, GET} route[39m[38;5;3m +1ms[39m
[32m[Nest] 2936  - [39m07/20/2026, 1:15:00 AM [32m    LOG[39m [38;5;3m[NestApplication] [39m[32mNest application successfully started[39m[38;5;3m +8ms[39m
Client connected: d3ZRxOzptAxZHVLZAAAB
[2J[3J[H[[90m1:15:10 AM[0m] File change detected. Starting incremental compilation...

[[90m1:15:10 AM[0m] Found 0 errors. Watching for file changes.

[32m[Nest] 7428  - [39m07/20/2026, 1:15:14 AM [32m    LOG[39m [38;5;3m[NestFactory] [39m[32mStarting Nest application...[39m
[32m[Nest] 7428  - [39m07/20/2026, 1:15:14 AM [32m    LOG[39m [38;5;3m[InstanceLoader] [39m[32mTypeOrmModule dependencies initialized[39m[38;5;3m +250ms[39m
[32m[Nest] 7428  - [39m07/20/2026, 1:15:14 AM [32m    LOG[39m [38;5;3m[InstanceLoader] [39m[32mBullModule dependencies initialized[39m[38;5;3m +0ms[39m
[32m[Nest] 7428  - [39m07/20/2026, 1:15:14 AM [32m    LOG[39m [38;5;3m[InstanceLoader] [39m[32mBullBoardModule dependencies initialized[39m[38;5;3m +0ms[39m
[32m[Nest] 7428  - [39m07/20/2026, 1:15:14 AM [32m    LOG[39m [38;5;3m[InstanceLoader] [39m[32mConfigHostModule dependencies initialized[39m[38;5;3m +1ms[39m
[32m[Nest] 7428  - [39m07/20/2026, 1:15:14 AM [32m    LOG[39m [38;5;3m[InstanceLoader] [39m[32mThrottlerModule dependencies initialized[39m[38;5;3m +0ms[39m
[32m[Nest] 7428  - [39m07/20/2026, 1:15:14 AM [32m    LOG[39m [38;5;3m[InstanceLoader] [39m[32mJwtModule dependencies initialized[39m[38;5;3m +0ms[39m
[32m[Nest] 7428  - [39m07/20/2026, 1:15:14 AM [32m    LOG[39m [38;5;3m[InstanceLoader] [39m[32mJwtModule dependencies initialized[39m[38;5;3m +1ms[39m
[32m[Nest] 7428  - [39m07/20/2026, 1:15:14 AM [32m    LOG[39m [38;5;3m[InstanceLoader] [39m[32mBullBoardRootModule dependencies initialized[39m[38;5;3m +0ms[39m
[32m[Nest] 7428  - [39m07/20/2026, 1:15:14 AM [32m    LOG[39m [38;5;3m[InstanceLoader] [39m[32mDiscoveryModule dependencies initialized[39m[38;5;3m +0ms[39m
[32m[Nest] 7428  - [39m07/20/2026, 1:15:14 AM [32m    LOG[39m [38;5;3m[InstanceLoader] [39m[32mBullBoardFeatureModule dependencies initialized[39m[38;5;3m +1ms[39m
[32m[Nest] 7428  - [39m07/20/2026, 1:15:14 AM [32m    LOG[39m [38;5;3m[InstanceLoader] [39m[32mConfigModule dependencies initialized[39m[38;5;3m +0ms[39m
[32m[Nest] 7428  - [39m07/20/2026, 1:15:14 AM [32m    LOG[39m [38;5;3m[InstanceLoader] [39m[32mBullModule dependencies initialized[39m[38;5;3m +10ms[39m
[32m[Nest] 7428  - [39m07/20/2026, 1:15:14 AM [32m    LOG[39m [38;5;3m[InstanceLoader] [39m[32mBullModule dependencies initialized[39m[38;5;3m +1ms[39m
[32m[Nest] 7428  - [39m07/20/2026, 1:15:14 AM [32m    LOG[39m [38;5;3m[InstanceLoader] [39m[32mTypeOrmCoreModule dependencies initialized[39m[38;5;3m +224ms[39m
[32m[Nest] 7428  - [39m07/20/2026, 1:15:14 AM [32m    LOG[39m [38;5;3m[InstanceLoader] [39m[32mTypeOrmModule dependencies initialized[39m[38;5;3m +0ms[39m
[32m[Nest] 7428  - [39m07/20/2026, 1:15:14 AM [32m    LOG[39m [38;5;3m[InstanceLoader] [39m[32mTypeOrmModule dependencies initialized[39m[38;5;3m +0ms[39m
[32m[Nest] 7428  - [39m07/20/2026, 1:15:14 AM [32m    LOG[39m [38;5;3m[InstanceLoader] [39m[32mTypeOrmModule dependencies initialized[39m[38;5;3m +0ms[39m
[32m[Nest] 7428  - [39m07/20/2026, 1:15:14 AM [32m    LOG[39m [38;5;3m[InstanceLoader] [39m[32mAuditModule dependencies initialized[39m[38;5;3m +0ms[39m
[32m[Nest] 7428  - [39m07/20/2026, 1:15:14 AM [32m    LOG[39m [38;5;3m[InstanceLoader] [39m[32mAppModule dependencies initialized[39m[38;5;3m +1ms[39m
[32m[Nest] 7428  - [39m07/20/2026, 1:15:14 AM [32m    LOG[39m [38;5;3m[InstanceLoader] [39m[32mAuthModule dependencies initialized[39m[38;5;3m +0ms[39m
[32m[Nest] 7428  - [39m07/20/2026, 1:15:14 AM [32m    LOG[39m [38;5;3m[InstanceLoader] [39m[32mUserModule dependencies initialized[39m[38;5;3m +0ms[39m
[32m[Nest] 7428  - [39m07/20/2026, 1:15:14 AM [32m    LOG[39m [38;5;3m[RoutesResolver] [39m[32mAppController {/}:[39m[38;5;3m +76ms[39m
[32m[Nest] 7428  - [39m07/20/2026, 1:15:14 AM [32m    LOG[39m [38;5;3m[RouterExplorer] [39m[32mMapped {/, GET} route[39m[38;5;3m +2ms[39m
[32m[Nest] 7428  - [39m07/20/2026, 1:15:14 AM [32m    LOG[39m [38;5;3m[RoutesResolver] [39m[32mAuthController {/auth}:[39m[38;5;3m +1ms[39m
[32m[Nest] 7428  - [39m07/20/2026, 1:15:14 AM [32m    LOG[39m [38;5;3m[RouterExplorer] [39m[32mMapped {/auth/register, POST} route[39m[38;5;3m +0ms[39m
[32m[Nest] 7428  - [39m07/20/2026, 1:15:14 AM [32m    LOG[39m [38;5;3m[RouterExplorer] [39m[32mMapped {/auth/login, POST} route[39m[38;5;3m +1ms[39m
[32m[Nest] 7428  - [39m07/20/2026, 1:15:14 AM [32m    LOG[39m [38;5;3m[RouterExplorer] [39m[32mMapped {/auth/logout, POST} route[39m[38;5;3m +0ms[39m
[32m[Nest] 7428  - [39m07/20/2026, 1:15:14 AM [32m    LOG[39m [38;5;3m[RouterExplorer] [39m[32mMapped {/auth/refresh, POST} route[39m[38;5;3m +1ms[39m
[32m[Nest] 7428  - [39m07/20/2026, 1:15:14 AM [32m    LOG[39m [38;5;3m[RoutesResolver] [39m[32mUserController {/user}:[39m[38;5;3m +0ms[39m
[32m[Nest] 7428  - [39m07/20/2026, 1:15:14 AM [32m    LOG[39m [38;5;3m[RouterExplorer] [39m[32mMapped {/user/profile, GET} route[39m[38;5;3m +0ms[39m
[32m[Nest] 7428  - [39m07/20/2026, 1:15:14 AM [32m    LOG[39m [38;5;3m[RoutesResolver] [39m[32mAuditController {/audits}:[39m[38;5;3m +1ms[39m
[32m[Nest] 7428  - [39m07/20/2026, 1:15:14 AM [32m    LOG[39m [38;5;3m[RouterExplorer] [39m[32mMapped {/audits, POST} route[39m[38;5;3m +0ms[39m
[32m[Nest] 7428  - [39m07/20/2026, 1:15:14 AM [32m    LOG[39m [38;5;3m[RouterExplorer] [39m[32mMapped {/audits, GET} route[39m[38;5;3m +0ms[39m
[32m[Nest] 7428  - [39m07/20/2026, 1:15:14 AM [32m    LOG[39m [38;5;3m[RouterExplorer] [39m[32mMapped {/audits/:id/result, GET} route[39m[38;5;3m +1ms[39m
[32m[Nest] 7428  - [39m07/20/2026, 1:15:14 AM [32m    LOG[39m [38;5;3m[RouterExplorer] [39m[32mMapped {/audits/:id/export, GET} route[39m[38;5;3m +0ms[39m
[32m[Nest] 7428  - [39m07/20/2026, 1:15:14 AM [32m    LOG[39m [38;5;3m[NestApplication] [39m[32mNest application successfully started[39m[38;5;3m +12ms[39m
Client connected: V06Kv12tuGSUUmszAAAB
[2J[3J[H[[90m1:15:38 AM[0m] File change detected. Starting incremental compilation...

[[90m1:15:39 AM[0m] Found 0 errors. Watching for file changes.

[32m[Nest] 20208  - [39m07/20/2026, 1:15:42 AM [32m    LOG[39m [38;5;3m[NestFactory] [39m[32mStarting Nest application...[39m
[32m[Nest] 20208  - [39m07/20/2026, 1:15:43 AM [32m    LOG[39m [38;5;3m[InstanceLoader] [39m[32mTypeOrmModule dependencies initialized[39m[38;5;3m +228ms[39m
[32m[Nest] 20208  - [39m07/20/2026, 1:15:43 AM [32m    LOG[39m [38;5;3m[InstanceLoader] [39m[32mBullModule dependencies initialized[39m[38;5;3m +0ms[39m
[32m[Nest] 20208  - [39m07/20/2026, 1:15:43 AM [32m    LOG[39m [38;5;3m[InstanceLoader] [39m[32mBullBoardModule dependencies initialized[39m[38;5;3m +0ms[39m
[32m[Nest] 20208  - [39m07/20/2026, 1:15:43 AM [32m    LOG[39m [38;5;3m[InstanceLoader] [39m[32mConfigHostModule dependencies initialized[39m[38;5;3m +1ms[39m
[32m[Nest] 20208  - [39m07/20/2026, 1:15:43 AM [32m    LOG[39m [38;5;3m[InstanceLoader] [39m[32mThrottlerModule dependencies initialized[39m[38;5;3m +0ms[39m
[32m[Nest] 20208  - [39m07/20/2026, 1:15:43 AM [32m    LOG[39m [38;5;3m[InstanceLoader] [39m[32mJwtModule dependencies initialized[39m[38;5;3m +0ms[39m
[32m[Nest] 20208  - [39m07/20/2026, 1:15:43 AM [32m    LOG[39m [38;5;3m[InstanceLoader] [39m[32mJwtModule dependencies initialized[39m[38;5;3m +0ms[39m
[32m[Nest] 20208  - [39m07/20/2026, 1:15:43 AM [32m    LOG[39m [38;5;3m[InstanceLoader] [39m[32mBullBoardRootModule dependencies initialized[39m[38;5;3m +0ms[39m
[32m[Nest] 20208  - [39m07/20/2026, 1:15:43 AM [32m    LOG[39m [38;5;3m[InstanceLoader] [39m[32mDiscoveryModule dependencies initialized[39m[38;5;3m +1ms[39m
[32m[Nest] 20208  - [39m07/20/2026, 1:15:43 AM [32m    LOG[39m [38;5;3m[InstanceLoader] [39m[32mBullBoardFeatureModule dependencies initialized[39m[38;5;3m +0ms[39m
[32m[Nest] 20208  - [39m07/20/2026, 1:15:43 AM [32m    LOG[39m [38;5;3m[InstanceLoader] [39m[32mConfigModule dependencies initialized[39m[38;5;3m +0ms[39m
[32m[Nest] 20208  - [39m07/20/2026, 1:15:43 AM [32m    LOG[39m [38;5;3m[InstanceLoader] [39m[32mBullModule dependencies initialized[39m[38;5;3m +3ms[39m
[32m[Nest] 20208  - [39m07/20/2026, 1:15:43 AM [32m    LOG[39m [38;5;3m[InstanceLoader] [39m[32mBullModule dependencies initialized[39m[38;5;3m +1ms[39m
[32m[Nest] 20208  - [39m07/20/2026, 1:15:43 AM [32m    LOG[39m [38;5;3m[InstanceLoader] [39m[32mTypeOrmCoreModule dependencies initialized[39m[38;5;3m +179ms[39m
[32m[Nest] 20208  - [39m07/20/2026, 1:15:43 AM [32m    LOG[39m [38;5;3m[InstanceLoader] [39m[32mTypeOrmModule dependencies initialized[39m[38;5;3m +0ms[39m
[32m[Nest] 20208  - [39m07/20/2026, 1:15:43 AM [32m    LOG[39m [38;5;3m[InstanceLoader] [39m[32mTypeOrmModule dependencies initialized[39m[38;5;3m +0ms[39m
[32m[Nest] 20208  - [39m07/20/2026, 1:15:43 AM [32m    LOG[39m [38;5;3m[InstanceLoader] [39m[32mTypeOrmModule dependencies initialized[39m[38;5;3m +0ms[39m
[32m[Nest] 20208  - [39m07/20/2026, 1:15:43 AM [32m    LOG[39m [38;5;3m[InstanceLoader] [39m[32mAuditModule dependencies initialized[39m[38;5;3m +0ms[39m
[32m[Nest] 20208  - [39m07/20/2026, 1:15:43 AM [32m    LOG[39m [38;5;3m[InstanceLoader] [39m[32mAppModule dependencies initialized[39m[38;5;3m +0ms[39m
[32m[Nest] 20208  - [39m07/20/2026, 1:15:43 AM [32m    LOG[39m [38;5;3m[InstanceLoader] [39m[32mAuthModule dependencies initialized[39m[38;5;3m +1ms[39m
[32m[Nest] 20208  - [39m07/20/2026, 1:15:43 AM [32m    LOG[39m [38;5;3m[InstanceLoader] [39m[32mUserModule dependencies initialized[39m[38;5;3m +0ms[39m
[32m[Nest] 20208  - [39m07/20/2026, 1:15:43 AM [32m    LOG[39m [38;5;3m[RoutesResolver] [39m[32mAppController {/}:[39m[38;5;3m +49ms[39m
[32m[Nest] 20208  - [39m07/20/2026, 1:15:43 AM [32m    LOG[39m [38;5;3m[RouterExplorer] [39m[32mMapped {/, GET} route[39m[38;5;3m +1ms[39m
[32m[Nest] 20208  - [39m07/20/2026, 1:15:43 AM [32m    LOG[39m [38;5;3m[RoutesResolver] [39m[32mAuthController {/auth}:[39m[38;5;3m +1ms[39m
[32m[Nest] 20208  - [39m07/20/2026, 1:15:43 AM [32m    LOG[39m [38;5;3m[RouterExplorer] [39m[32mMapped {/auth/register, POST} route[39m[38;5;3m +0ms[39m
[32m[Nest] 20208  - [39m07/20/2026, 1:15:43 AM [32m    LOG[39m [38;5;3m[RouterExplorer] [39m[32mMapped {/auth/login, POST} route[39m[38;5;3m +0ms[39m
[32m[Nest] 20208  - [39m07/20/2026, 1:15:43 AM [32m    LOG[39m [38;5;3m[RouterExplorer] [39m[32mMapped {/auth/logout, POST} route[39m[38;5;3m +1ms[39m
[32m[Nest] 20208  - [39m07/20/2026, 1:15:43 AM [32m    LOG[39m [38;5;3m[RouterExplorer] [39m[32mMapped {/auth/refresh, POST} route[39m[38;5;3m +0ms[39m
[32m[Nest] 20208  - [39m07/20/2026, 1:15:43 AM [32m    LOG[39m [38;5;3m[RoutesResolver] [39m[32mUserController {/user}:[39m[38;5;3m +0ms[39m
[32m[Nest] 20208  - [39m07/20/2026, 1:15:43 AM [32m    LOG[39m [38;5;3m[RouterExplorer] [39m[32mMapped {/user/profile, GET} route[39m[38;5;3m +1ms[39m
[32m[Nest] 20208  - [39m07/20/2026, 1:15:43 AM [32m    LOG[39m [38;5;3m[RoutesResolver] [39m[32mAuditController {/audits}:[39m[38;5;3m +0ms[39m
[32m[Nest] 20208  - [39m07/20/2026, 1:15:43 AM [32m    LOG[39m [38;5;3m[RouterExplorer] [39m[32mMapped {/audits, POST} route[39m[38;5;3m +3ms[39m
[32m[Nest] 20208  - [39m07/20/2026, 1:15:43 AM [32m    LOG[39m [38;5;3m[RouterExplorer] [39m[32mMapped {/audits, GET} route[39m[38;5;3m +1ms[39m
[32m[Nest] 20208  - [39m07/20/2026, 1:15:43 AM [32m    LOG[39m [38;5;3m[RouterExplorer] [39m[32mMapped {/audits/:id/result, GET} route[39m[38;5;3m +1ms[39m
[32m[Nest] 20208  - [39m07/20/2026, 1:15:43 AM [32m    LOG[39m [38;5;3m[RouterExplorer] [39m[32mMapped {/audits/:id/export, GET} route[39m[38;5;3m +0ms[39m
[32m[Nest] 20208  - [39m07/20/2026, 1:15:43 AM [32m    LOG[39m [38;5;3m[NestApplication] [39m[32mNest application successfully started[39m[38;5;3m +7ms[39m
Client connected: sULBGNW1GY0WiB8vAAAB
[2J[3J[H[[90m1:15:46 AM[0m] File change detected. Starting incremental compilation...

[[90m1:15:47 AM[0m] Found 0 errors. Watching for file changes.

[32m[Nest] 8616  - [39m07/20/2026, 1:15:50 AM [32m    LOG[39m [38;5;3m[NestFactory] [39m[32mStarting Nest application...[39m
[32m[Nest] 8616  - [39m07/20/2026, 1:15:50 AM [32m    LOG[39m [38;5;3m[InstanceLoader] [39m[32mTypeOrmModule dependencies initialized[39m[38;5;3m +227ms[39m
[32m[Nest] 8616  - [39m07/20/2026, 1:15:50 AM [32m    LOG[39m [38;5;3m[InstanceLoader] [39m[32mBullModule dependencies initialized[39m[38;5;3m +0ms[39m
[32m[Nest] 8616  - [39m07/20/2026, 1:15:50 AM [32m    LOG[39m [38;5;3m[InstanceLoader] [39m[32mBullBoardModule dependencies initialized[39m[38;5;3m +0ms[39m
[32m[Nest] 8616  - [39m07/20/2026, 1:15:50 AM [32m    LOG[39m [38;5;3m[InstanceLoader] [39m[32mConfigHostModule dependencies initialized[39m[38;5;3m +1ms[39m
[32m[Nest] 8616  - [39m07/20/2026, 1:15:50 AM [32m    LOG[39m [38;5;3m[InstanceLoader] [39m[32mThrottlerModule dependencies initialized[39m[38;5;3m +0ms[39m
[32m[Nest] 8616  - [39m07/20/2026, 1:15:50 AM [32m    LOG[39m [38;5;3m[InstanceLoader] [39m[32mJwtModule dependencies initialized[39m[38;5;3m +0ms[39m
[32m[Nest] 8616  - [39m07/20/2026, 1:15:50 AM [32m    LOG[39m [38;5;3m[InstanceLoader] [39m[32mJwtModule dependencies initialized[39m[38;5;3m +1ms[39m
[32m[Nest] 8616  - [39m07/20/2026, 1:15:50 AM [32m    LOG[39m [38;5;3m[InstanceLoader] [39m[32mBullBoardRootModule dependencies initialized[39m[38;5;3m +0ms[39m
[32m[Nest] 8616  - [39m07/20/2026, 1:15:50 AM [32m    LOG[39m [38;5;3m[InstanceLoader] [39m[32mDiscoveryModule dependencies initialized[39m[38;5;3m +0ms[39m
[32m[Nest] 8616  - [39m07/20/2026, 1:15:50 AM [32m    LOG[39m [38;5;3m[InstanceLoader] [39m[32mBullBoardFeatureModule dependencies initialized[39m[38;5;3m +3ms[39m
[32m[Nest] 8616  - [39m07/20/2026, 1:15:50 AM [32m    LOG[39m [38;5;3m[InstanceLoader] [39m[32mConfigModule dependencies initialized[39m[38;5;3m +0ms[39m
[32m[Nest] 8616  - [39m07/20/2026, 1:15:50 AM [32m    LOG[39m [38;5;3m[InstanceLoader] [39m[32mBullModule dependencies initialized[39m[38;5;3m +6ms[39m
[32m[Nest] 8616  - [39m07/20/2026, 1:15:50 AM [32m    LOG[39m [38;5;3m[InstanceLoader] [39m[32mBullModule dependencies initialized[39m[38;5;3m +1ms[39m
[32m[Nest] 8616  - [39m07/20/2026, 1:15:51 AM [32m    LOG[39m [38;5;3m[InstanceLoader] [39m[32mTypeOrmCoreModule dependencies initialized[39m[38;5;3m +209ms[39m
[32m[Nest] 8616  - [39m07/20/2026, 1:15:51 AM [32m    LOG[39m [38;5;3m[InstanceLoader] [39m[32mTypeOrmModule dependencies initialized[39m[38;5;3m +0ms[39m
[32m[Nest] 8616  - [39m07/20/2026, 1:15:51 AM [32m    LOG[39m [38;5;3m[InstanceLoader] [39m[32mTypeOrmModule dependencies initialized[39m[38;5;3m +0ms[39m
[32m[Nest] 8616  - [39m07/20/2026, 1:15:51 AM [32m    LOG[39m [38;5;3m[InstanceLoader] [39m[32mTypeOrmModule dependencies initialized[39m[38;5;3m +0ms[39m
[32m[Nest] 8616  - [39m07/20/2026, 1:15:51 AM [32m    LOG[39m [38;5;3m[InstanceLoader] [39m[32mAuditModule dependencies initialized[39m[38;5;3m +0ms[39m
[32m[Nest] 8616  - [39m07/20/2026, 1:15:51 AM [32m    LOG[39m [38;5;3m[InstanceLoader] [39m[32mAppModule dependencies initialized[39m[38;5;3m +1ms[39m
[32m[Nest] 8616  - [39m07/20/2026, 1:15:51 AM [32m    LOG[39m [38;5;3m[InstanceLoader] [39m[32mAuthModule dependencies initialized[39m[38;5;3m +1ms[39m
[32m[Nest] 8616  - [39m07/20/2026, 1:15:51 AM [32m    LOG[39m [38;5;3m[InstanceLoader] [39m[32mUserModule dependencies initialized[39m[38;5;3m +0ms[39m
[32m[Nest] 8616  - [39m07/20/2026, 1:15:51 AM [32m    LOG[39m [38;5;3m[RoutesResolver] [39m[32mAppController {/}:[39m[38;5;3m +76ms[39m
[32m[Nest] 8616  - [39m07/20/2026, 1:15:51 AM [32m    LOG[39m [38;5;3m[RouterExplorer] [39m[32mMapped {/, GET} route[39m[38;5;3m +8ms[39m
[32m[Nest] 8616  - [39m07/20/2026, 1:15:51 AM [32m    LOG[39m [38;5;3m[RoutesResolver] [39m[32mAuthController {/auth}:[39m[38;5;3m +1ms[39m
[32m[Nest] 8616  - [39m07/20/2026, 1:15:51 AM [32m    LOG[39m [38;5;3m[RouterExplorer] [39m[32mMapped {/auth/register, POST} route[39m[38;5;3m +1ms[39m
[32m[Nest] 8616  - [39m07/20/2026, 1:15:51 AM [32m    LOG[39m [38;5;3m[RouterExplorer] [39m[32mMapped {/auth/login, POST} route[39m[38;5;3m +1ms[39m
[32m[Nest] 8616  - [39m07/20/2026, 1:15:51 AM [32m    LOG[39m [38;5;3m[RouterExplorer] [39m[32mMapped {/auth/logout, POST} route[39m[38;5;3m +0ms[39m
[32m[Nest] 8616  - [39m07/20/2026, 1:15:51 AM [32m    LOG[39m [38;5;3m[RouterExplorer] [39m[32mMapped {/auth/refresh, POST} route[39m[38;5;3m +1ms[39m
[32m[Nest] 8616  - [39m07/20/2026, 1:15:51 AM [32m    LOG[39m [38;5;3m[RoutesResolver] [39m[32mUserController {/user}:[39m[38;5;3m +0ms[39m
[32m[Nest] 8616  - [39m07/20/2026, 1:15:51 AM [32m    LOG[39m [38;5;3m[RouterExplorer] [39m[32mMapped {/user/profile, GET} route[39m[38;5;3m +1ms[39m
[32m[Nest] 8616  - [39m07/20/2026, 1:15:51 AM [32m    LOG[39m [38;5;3m[RoutesResolver] [39m[32mAuditController {/audits}:[39m[38;5;3m +0ms[39m
[32m[Nest] 8616  - [39m07/20/2026, 1:15:51 AM [32m    LOG[39m [38;5;3m[RouterExplorer] [39m[32mMapped {/audits, POST} route[39m[38;5;3m +0ms[39m
[32m[Nest] 8616  - [39m07/20/2026, 1:15:51 AM [32m    LOG[39m [38;5;3m[RouterExplorer] [39m[32mMapped {/audits, GET} route[39m[38;5;3m +1ms[39m
[32m[Nest] 8616  - [39m07/20/2026, 1:15:51 AM [32m    LOG[39m [38;5;3m[RouterExplorer] [39m[32mMapped {/audits/:id/result, GET} route[39m[38;5;3m +0ms[39m
[32m[Nest] 8616  - [39m07/20/2026, 1:15:51 AM [32m    LOG[39m [38;5;3m[RouterExplorer] [39m[32mMapped {/audits/:id/export, GET} route[39m[38;5;3m +1ms[39m
[32m[Nest] 8616  - [39m07/20/2026, 1:15:51 AM [32m    LOG[39m [38;5;3m[NestApplication] [39m[32mNest application successfully started[39m[38;5;3m +14ms[39m
Client connected: jOUwlkINoo6IwDueAAAB
[2J[3J[H[[90m1:16:01 AM[0m] File change detected. Starting incremental compilation...

[[90m1:16:01 AM[0m] Found 0 errors. Watching for file changes.

[32m[Nest] 9988  - [39m07/20/2026, 1:16:05 AM [32m    LOG[39m [38;5;3m[NestFactory] [39m[32mStarting Nest application...[39m
[32m[Nest] 9988  - [39m07/20/2026, 1:16:05 AM [32m    LOG[39m [38;5;3m[InstanceLoader] [39m[32mTypeOrmModule dependencies initialized[39m[38;5;3m +213ms[39m
[32m[Nest] 9988  - [39m07/20/2026, 1:16:05 AM [32m    LOG[39m [38;5;3m[InstanceLoader] [39m[32mBullModule dependencies initialized[39m[38;5;3m +0ms[39m
[32m[Nest] 9988  - [39m07/20/2026, 1:16:05 AM [32m    LOG[39m [38;5;3m[InstanceLoader] [39m[32mBullBoardModule dependencies initialized[39m[38;5;3m +0ms[39m
[32m[Nest] 9988  - [39m07/20/2026, 1:16:05 AM [32m    LOG[39m [38;5;3m[InstanceLoader] [39m[32mConfigHostModule dependencies initialized[39m[38;5;3m +1ms[39m
[32m[Nest] 9988  - [39m07/20/2026, 1:16:05 AM [32m    LOG[39m [38;5;3m[InstanceLoader] [39m[32mThrottlerModule dependencies initialized[39m[38;5;3m +0ms[39m
[32m[Nest] 9988  - [39m07/20/2026, 1:16:05 AM [32m    LOG[39m [38;5;3m[InstanceLoader] [39m[32mJwtModule dependencies initialized[39m[38;5;3m +0ms[39m
[32m[Nest] 9988  - [39m07/20/2026, 1:16:05 AM [32m    LOG[39m [38;5;3m[InstanceLoader] [39m[32mJwtModule dependencies initialized[39m[38;5;3m +1ms[39m
[32m[Nest] 9988  - [39m07/20/2026, 1:16:05 AM [32m    LOG[39m [38;5;3m[InstanceLoader] [39m[32mBullBoardRootModule dependencies initialized[39m[38;5;3m +0ms[39m
[32m[Nest] 9988  - [39m07/20/2026, 1:16:05 AM [32m    LOG[39m [38;5;3m[InstanceLoader] [39m[32mDiscoveryModule dependencies initialized[39m[38;5;3m +1ms[39m
[32m[Nest] 9988  - [39m07/20/2026, 1:16:05 AM [32m    LOG[39m [38;5;3m[InstanceLoader] [39m[32mBullBoardFeatureModule dependencies initialized[39m[38;5;3m +0ms[39m
[32m[Nest] 9988  - [39m07/20/2026, 1:16:05 AM [32m    LOG[39m [38;5;3m[InstanceLoader] [39m[32mConfigModule dependencies initialized[39m[38;5;3m +0ms[39m
[32m[Nest] 9988  - [39m07/20/2026, 1:16:05 AM [32m    LOG[39m [38;5;3m[InstanceLoader] [39m[32mBullModule dependencies initialized[39m[38;5;3m +8ms[39m
[32m[Nest] 9988  - [39m07/20/2026, 1:16:05 AM [32m    LOG[39m [38;5;3m[InstanceLoader] [39m[32mBullModule dependencies initialized[39m[38;5;3m +1ms[39m
[32m[Nest] 9988  - [39m07/20/2026, 1:16:05 AM [32m    LOG[39m [38;5;3m[InstanceLoader] [39m[32mTypeOrmCoreModule dependencies initialized[39m[38;5;3m +231ms[39m
[32m[Nest] 9988  - [39m07/20/2026, 1:16:05 AM [32m    LOG[39m [38;5;3m[InstanceLoader] [39m[32mTypeOrmModule dependencies initialized[39m[38;5;3m +0ms[39m
[32m[Nest] 9988  - [39m07/20/2026, 1:16:05 AM [32m    LOG[39m [38;5;3m[InstanceLoader] [39m[32mTypeOrmModule dependencies initialized[39m[38;5;3m +0ms[39m
[32m[Nest] 9988  - [39m07/20/2026, 1:16:05 AM [32m    LOG[39m [38;5;3m[InstanceLoader] [39m[32mTypeOrmModule dependencies initialized[39m[38;5;3m +0ms[39m
[32m[Nest] 9988  - [39m07/20/2026, 1:16:05 AM [32m    LOG[39m [38;5;3m[InstanceLoader] [39m[32mAuditModule dependencies initialized[39m[38;5;3m +1ms[39m
[32m[Nest] 9988  - [39m07/20/2026, 1:16:05 AM [32m    LOG[39m [38;5;3m[InstanceLoader] [39m[32mAppModule dependencies initialized[39m[38;5;3m +0ms[39m
[32m[Nest] 9988  - [39m07/20/2026, 1:16:05 AM [32m    LOG[39m [38;5;3m[InstanceLoader] [39m[32mAuthModule dependencies initialized[39m[38;5;3m +1ms[39m
[32m[Nest] 9988  - [39m07/20/2026, 1:16:05 AM [32m    LOG[39m [38;5;3m[InstanceLoader] [39m[32mUserModule dependencies initialized[39m[38;5;3m +0ms[39m
[32m[Nest] 9988  - [39m07/20/2026, 1:16:05 AM [32m    LOG[39m [38;5;3m[RoutesResolver] [39m[32mAppController {/}:[39m[38;5;3m +79ms[39m
[32m[Nest] 9988  - [39m07/20/2026, 1:16:05 AM [32m    LOG[39m [38;5;3m[RouterExplorer] [39m[32mMapped {/, GET} route[39m[38;5;3m +5ms[39m
[32m[Nest] 9988  - [39m07/20/2026, 1:16:05 AM [32m    LOG[39m [38;5;3m[RoutesResolver] [39m[32mAuthController {/auth}:[39m[38;5;3m +1ms[39m
[32m[Nest] 9988  - [39m07/20/2026, 1:16:05 AM [32m    LOG[39m [38;5;3m[RouterExplorer] [39m[32mMapped {/auth/register, POST} route[39m[38;5;3m +2ms[39m
[32m[Nest] 9988  - [39m07/20/2026, 1:16:05 AM [32m    LOG[39m [38;5;3m[RouterExplorer] [39m[32mMapped {/auth/login, POST} route[39m[38;5;3m +0ms[39m
[32m[Nest] 9988  - [39m07/20/2026, 1:16:05 AM [32m    LOG[39m [38;5;3m[RouterExplorer] [39m[32mMapped {/auth/logout, POST} route[39m[38;5;3m +1ms[39m
[32m[Nest] 9988  - [39m07/20/2026, 1:16:05 AM [32m    LOG[39m [38;5;3m[RouterExplorer] [39m[32mMapped {/auth/refresh, POST} route[39m[38;5;3m +1ms[39m
[32m[Nest] 9988  - [39m07/20/2026, 1:16:05 AM [32m    LOG[39m [38;5;3m[RoutesResolver] [39m[32mUserController {/user}:[39m[38;5;3m +1ms[39m
[32m[Nest] 9988  - [39m07/20/2026, 1:16:05 AM [32m    LOG[39m [38;5;3m[RouterExplorer] [39m[32mMapped {/user/profile, GET} route[39m[38;5;3m +0ms[39m
[32m[Nest] 9988  - [39m07/20/2026, 1:16:05 AM [32m    LOG[39m [38;5;3m[RoutesResolver] [39m[32mAuditController {/audits}:[39m[38;5;3m +0ms[39m
[32m[Nest] 9988  - [39m07/20/2026, 1:16:05 AM [32m    LOG[39m [38;5;3m[RouterExplorer] [39m[32mMapped {/audits, POST} route[39m[38;5;3m +1ms[39m
[32m[Nest] 9988  - [39m07/20/2026, 1:16:05 AM [32m    LOG[39m [38;5;3m[RouterExplorer] [39m[32mMapped {/audits, GET} route[39m[38;5;3m +4ms[39m
[32m[Nest] 9988  - [39m07/20/2026, 1:16:05 AM [32m    LOG[39m [38;5;3m[RouterExplorer] [39m[32mMapped {/audits/:id/result, GET} route[39m[38;5;3m +1ms[39m
[32m[Nest] 9988  - [39m07/20/2026, 1:16:05 AM [32m    LOG[39m [38;5;3m[RouterExplorer] [39m[32mMapped {/audits/:id/export, GET} route[39m[38;5;3m +0ms[39m
[32m[Nest] 9988  - [39m07/20/2026, 1:16:05 AM [32m    LOG[39m [38;5;3m[NestApplication] [39m[32mNest application successfully started[39m[38;5;3m +11ms[39m
Client connected: H-GyHBo9hZyCGMwFAAAB
[2J[3J[H[[90m2:04:05 AM[0m] File change detected. Starting incremental compilation...

[[90m2:04:06 AM[0m] Found 0 errors. Watching for file changes.

node:internal/modules/cjs/loader:1386
  throw err;
  ^

Error: Cannot find module 'D:\_WebLens\weblens-backend\apps\api\dist\main'
    at Function._resolveFilename (node:internal/modules/cjs/loader:1383:15)
    at defaultResolveImpl (node:internal/modules/cjs/loader:1025:19)
    at resolveForCJSWithHooks (node:internal/modules/cjs/loader:1030:22)
    at Function._load (node:internal/modules/cjs/loader:1192:37)
    at TracingChannel.traceSync (node:diagnostics_channel:322:14)
    at wrapModuleLoad (node:internal/modules/cjs/loader:237:24)
    at Function.executeUserEntryPoint [as runMain] (node:internal/modules/run_main:171:5)
    at node:internal/main/run_main_module:36:49 {
  code: 'MODULE_NOT_FOUND',
  requireStack: []
}

Node.js v22.19.0
[2J[3J[H[[90m2:04:07 AM[0m] File change detected. Starting incremental compilation...

[[90m2:04:08 AM[0m] Found 0 errors. Watching for file changes.

[2J[3J[H[[90m2:04:08 AM[0m] File change detected. Starting incremental compilation...

node:internal/modules/cjs/loader:1386
  throw err;
  ^

Error: Cannot find module 'D:\_WebLens\weblens-backend\apps\api\dist\main'
    at Function._resolveFilename (node:internal/modules/cjs/loader:1383:15)
    at defaultResolveImpl (node:internal/modules/cjs/loader:1025:19)
    at resolveForCJSWithHooks (node:internal/modules/cjs/loader:1030:22)
    at Function._load (node:internal/modules/cjs/loader:1192:37)
    at TracingChannel.traceSync (node:diagnostics_channel:322:14)
    at wrapModuleLoad (node:internal/modules/cjs/loader:237:24)
    at Function.executeUserEntryPoint [as runMain] (node:internal/modules/run_main:171:5)
    at node:internal/main/run_main_module:36:49 {
  code: 'MODULE_NOT_FOUND',
  requireStack: []
}

Node.js v22.19.0
ERROR: The process "9908" not found.
ERROR: The process "9908" not found.
node:child_process:990
    throw err;
    ^

Error: Command failed: taskkill /pid 9908 /T /F
ERROR: The process "9908" not found.

    at genericNodeError (node:internal/errors:983:15)
    at wrappedFn (node:internal/errors:537:14)
    at checkExecSyncError (node:child_process:915:11)
    at execSync (node:child_process:987:15)
    at treeKillSync (D:\_WebLens\weblens-backend\node_modules\@nestjs\cli\lib\utils\tree-kill.js:7:38)
    at D:\_WebLens\weblens-backend\node_modules\@nestjs\cli\actions\start.action.js:92:46
    at Object.onWatchStatusChange (D:\_WebLens\weblens-backend\node_modules\@nestjs\cli\lib\compiler\watch-compiler.js:82:17)
    at D:\_WebLens\weblens-backend\node_modules\typescript\lib\typescript.js:133916:30
    at emitFilesAndReportErrors (D:\_WebLens\weblens-backend\node_modules\typescript\lib\typescript.js:133737:5)
    at result.afterProgramCreate (D:\_WebLens\weblens-backend\node_modules\typescript\lib\typescript.js:133912:5) {
  status: 128,
  signal: null,
  output: [
    null,
    Buffer(0) [Uint8Array] [],
    Buffer(38) [Uint8Array] [
       69,  82,  82,  79,  82,  58,  32,  84, 104,
      101,  32, 112, 114, 111,  99, 101, 115, 115,
       32,  34,  57,  57,  48,  56,  34,  32, 110,
      111, 116,  32, 102, 111, 117, 110, 100,  46,
       13,  10
    ]
  ],
  pid: 18584,
  stdout: Buffer(0) [Uint8Array] [],
  stderr: Buffer(38) [Uint8Array] [
     69,  82,  82,  79,  82,  58,  32,  84, 104,
    101,  32, 112, 114, 111,  99, 101, 115, 115,
     32,  34,  57,  57,  48,  56,  34,  32, 110,
    111, 116,  32, 102, 111, 117, 110, 100,  46,
     13,  10
  ]
}

Node.js v22.19.0
